Feature,MeanAbsSHAP
logP,0.43941155
Bit_1313,0.29420638
Bit_381,0.18710002
Bit_119,0.07961606
HydrationFreeEnergy_FreeSolv,0.072691366
stereo_centers,0.06805687
tpsa,0.05310487
hydrogen_bond_donors,0.052388277
Bit_31,0.04163023
Solubility_AqSolDB,0.040997654
molecular_weight,0.039851237
Bit_1783,0.038544558
Bit_1564,0.03728682
Bit_378,0.036486298
hydrogen_bond_acceptors,0.033700813
Bit_455,0.027838713
Bit_1073,0.026427533
Bit_745,0.026101012
Bit_162,0.023698715
Bit_1778,0.021365942
Bit_650,0.020713838
Bit_680,0.02061514
Bit_252,0.017938409
Bit_1475,0.017593523
Bit_656,0.017345112
Bit_1052,0.016225481
Bit_1602,0.015224752
Bit_1917,0.014294272
Bit_935,0.014241609
Bit_314,0.014041093
Bit_1712,0.013164367
Bit_2035,0.013064691
Bit_504,0.012936414
Bit_898,0.0129004475
Bit_1928,0.012680426
Bit_1373,0.012064354
Bit_1911,0.011314644
Bit_970,0.011150011
Bit_1292,0.010921215
Bit_484,0.010781692
Bit_571,0.010649245
Bit_1391,0.010408862
Bit_926,0.010370801
Bit_1697,0.010021215
Bit_1114,0.009791906
Bit_903,0.009751569
Bit_1745,0.00974735
Bit_1308,0.009418642
Bit_25,0.009108683
Bit_13,0.009056759
Bit_45,0.0088393055
Bit_1832,0.008757891
Bit_1160,0.008504572
Bit_1754,0.008478846
Bit_525,0.00835875
Bit_1648,0.007954201
Bit_305,0.0077915615
Bit_896,0.007054872
Bit_1385,0.0069155735
Bit_1607,0.0068942984
Bit_203,0.006497499
Bit_1482,0.0062319827
Bit_1737,0.0061812666
Bit_1163,0.0060296734
Bit_2,0.006005527
Bit_646,0.005774277
Bit_1108,0.0056707743
Bit_294,0.005634379
Bit_713,0.005529856
Bit_9,0.0054548564
Bit_1476,0.0054351273
Bit_1888,0.0053578215
Bit_1803,0.0053165182
Bit_408,0.0052899104
Bit_1168,0.00528244
Bit_804,0.0052677696
Bit_54,0.005229147
Bit_522,0.0051563527
Bit_1538,0.005133769
Bit_1980,0.005023205
Bit_1582,0.005017683
Bit_394,0.0050061834
Bit_473,0.0049613384
Bit_875,0.004875223
Bit_1468,0.00480211
Bit_734,0.004714395
Bit_783,0.0046164165
Bit_38,0.0046128873
Bit_1722,0.004567808
Bit_852,0.004549917
Bit_231,0.004542047
Bit_1309,0.0044647
Bit_80,0.0044258186
Bit_1233,0.004408186
Bit_289,0.0042846156
Bit_2007,0.004257966
Bit_304,0.004223508
Bit_1775,0.0041553765
Bit_695,0.0041138637
Bit_736,0.0041072434
Bit_1057,0.0040930496
Bit_841,0.0039687427
Bit_1696,0.0039627915
Bit_694,0.0039102947
Bit_1181,0.0039024057
Bit_1157,0.0038539711
Bit_1039,0.0038107308
Bit_567,0.00380093
Bit_1536,0.0037952468
Bit_389,0.003773802
Bit_1855,0.0037732918
Bit_1915,0.0037732725
Bit_1017,0.0036926277
Bit_1453,0.0036891035
Bit_835,0.003688067
Bit_1420,0.003625166
Bit_1357,0.0035907486
Bit_116,0.0035860345
Bit_1458,0.0035756917
Bit_1053,0.0035202818
Bit_1142,0.0035176282
Bit_1750,0.0035041731
Bit_750,0.0035009552
Bit_222,0.0034858787
Bit_1960,0.0034129487
Bit_1199,0.003363349
Bit_218,0.003322356
Bit_1236,0.0031993021
Bit_202,0.0031979447
Bit_1035,0.003191787
Bit_1064,0.0031443646
Bit_828,0.0031116372
Bit_63,0.0031110207
Bit_1019,0.0030557718
Bit_1027,0.003051934
Bit_114,0.003051314
Bit_1130,0.0030499098
Bit_322,0.003031272
Bit_1028,0.0030043176
Bit_2034,0.0030016562
Bit_801,0.0029562926
Bit_1,0.002931925
Bit_533,0.002911352
Bit_1410,0.002869055
Bit_675,0.0028208832
Bit_1618,0.0028066295
Bit_1770,0.0027370118
Bit_1152,0.0027367482
Bit_471,0.0026638077
Bit_881,0.002660602
Bit_1136,0.0026363914
Bit_416,0.0026271364
Bit_1171,0.0025725646
Bit_1285,0.0025469207
Bit_837,0.0025440473
Bit_133,0.002536725
Bit_1444,0.0025353704
Bit_988,0.002526058
Bit_1511,0.0024524126
Bit_1034,0.0024408344
Bit_781,0.0024272357
Bit_699,0.0024222026
Bit_1273,0.0024042896
Bit_718,0.0023919898
Bit_1943,0.0023855218
Bit_310,0.002363713
Bit_2017,0.0023563239
Bit_352,0.0023552456
Bit_1239,0.00234454
Bit_84,0.002342069
Bit_1094,0.0023315395
Bit_144,0.0023088064
Bit_1422,0.002302257
Bit_725,0.0022996468
Bit_1063,0.0022807315
Bit_1452,0.002279485
Bit_581,0.0022783626
Bit_96,0.0022388927
Bit_937,0.0022375097
Bit_1048,0.002234464
Bit_1487,0.0022186805
Bit_802,0.0021889445
Bit_1164,0.0021698775
Bit_1446,0.0021627229
Bit_1683,0.0021578507
Bit_490,0.0021550884
Bit_562,0.0021527237
Bit_1281,0.002148794
Bit_213,0.0021428878
Bit_1659,0.0021361145
Bit_1205,0.0021263359
Bit_1972,0.0020996258
Bit_1143,0.002092763
Bit_155,0.002062179
Bit_508,0.0020424586
Bit_167,0.0020184852
Bit_1617,0.0020098113
Bit_1733,0.001993692
Bit_1417,0.0019798828
Bit_1594,0.001972146
Bit_351,0.0019566761
Bit_640,0.001956446
Bit_1231,0.0019450113
Bit_1088,0.0019357929
Bit_233,0.0019263652
Bit_624,0.0019071914
Bit_1671,0.0019004171
Bit_1804,0.0018806501
Bit_561,0.0018735889
Bit_1421,0.0018662338
Bit_1279,0.001862225
Bit_438,0.00183008
Bit_940,0.001827066
Bit_216,0.0018006399
Bit_1368,0.0017985872
Bit_1816,0.0017919431
Bit_319,0.0017916168
Bit_621,0.0017913082
Bit_602,0.0017908444
Bit_141,0.001783835
Bit_878,0.0017762425
Bit_1631,0.0017752448
Bit_1325,0.001756227
Bit_714,0.0017278354
Bit_941,0.0017268341
Bit_1449,0.0017177659
Bit_28,0.001717467
Bit_1179,0.0017173593
Bit_751,0.0017140957
Bit_1984,0.0016889451
Bit_787,0.0016821534
Bit_810,0.0016498953
Bit_1360,0.0016485528
Bit_1401,0.0016283087
Bit_1145,0.0016264971
Bit_529,0.0016245883
Bit_1985,0.0016099862
Bit_1717,0.0016063964
Bit_823,0.0015988221
Bit_1941,0.0015828875
Bit_589,0.0015704957
Bit_1089,0.0015576889
Bit_1660,0.0015502739
Bit_7,0.0015484812
Bit_1898,0.0015414791
Bit_1528,0.0015408221
Bit_2040,0.0015386904
Bit_58,0.0015370873
Bit_1686,0.0015354024
Bit_950,0.001530863
Bit_102,0.0015154757
Bit_1961,0.0015042857
Bit_11,0.0015000607
Bit_652,0.0014926307
Bit_1274,0.0014922534
Bit_293,0.0014851561
Bit_1874,0.0014845149
Bit_831,0.0014729317
Bit_743,0.0014670081
Bit_403,0.0014527049
Bit_472,0.001449582
Bit_1085,0.0014419276
Bit_1256,0.0014266722
Bit_1110,0.0014204805
Bit_976,0.001401309
Bit_343,0.0013940213
Bit_92,0.0013815719
Bit_1255,0.001378638
Bit_983,0.001376117
Bit_1000,0.0013671232
Bit_1097,0.0013649976
Bit_1066,0.0013347588
Bit_1532,0.0013340976
Bit_1825,0.0013313458
Bit_328,0.0013225774
Bit_1957,0.0013187967
Bit_1299,0.0013187192
Bit_1072,0.0013182018
Bit_1465,0.0013032273
Bit_1621,0.0012893543
Bit_1450,0.0012824958
Bit_1116,0.001277559
Bit_301,0.001274414
Bit_1665,0.0012643681
Bit_99,0.001259007
Bit_73,0.0012354112
Bit_65,0.0012313792
Bit_1667,0.001210157
Bit_1083,0.0012096642
Bit_1991,0.001209518
Bit_893,0.0012085057
Bit_486,0.0011976269
Bit_1922,0.0011963018
Bit_627,0.0011929433
Bit_654,0.0011862012
Bit_667,0.0011838124
Bit_283,0.0011798838
Bit_109,0.0011764497
Bit_556,0.0011719501
Bit_97,0.0011706781
Bit_373,0.0011590103
Bit_1601,0.001158487
Bit_1600,0.0011568186
Bit_251,0.0011561005
Bit_226,0.0011537175
Bit_644,0.0011527073
Bit_638,0.0011522243
Bit_227,0.0011285652
Bit_1988,0.0011263869
Bit_592,0.0011115426
Bit_1597,0.0011103175
Bit_130,0.0011095423
Bit_1447,0.0011083011
Bit_991,0.001103
Bit_693,0.0010929245
Bit_816,0.0010918203
Bit_1060,0.0010859271
Bit_1353,0.0010832389
Bit_711,0.001079505
Bit_88,0.0010784329
Bit_869,0.0010754252
Bit_1760,0.0010728906
Bit_557,0.0010666685
Bit_1441,0.0010629998
Bit_1801,0.0010521683
Bit_1150,0.0010517435
Bit_1589,0.001051322
Bit_1382,0.0010475605
Bit_1604,0.0010439953
Bit_747,0.0010431041
Bit_843,0.001042165
Bit_1603,0.001037685
Bit_836,0.0010324778
Bit_1494,0.0010309753
Bit_618,0.0010222443
Bit_1975,0.0010206453
Bit_1721,0.0010113803
Bit_335,0.0010101503
Bit_1349,0.0010072603
Bit_984,0.0010058042
Bit_1405,0.0009785229
Bit_1457,0.0009607217
Bit_361,0.0009607035
Bit_425,0.00095881056
Bit_775,0.0009585809
Bit_286,0.0009507636
Bit_1106,0.0009493057
Bit_767,0.0009389342
Bit_249,0.0009356625
Bit_1412,0.0009336993
Bit_1243,0.0009336369
Bit_932,0.0009304262
Bit_1195,0.000904007
Bit_1314,0.0009037495
Bit_1791,0.00089618366
Bit_147,0.0008790323
Bit_1970,0.00087759097
Bit_949,0.0008631462
Bit_1833,0.0008577323
Bit_1329,0.000857141
Bit_1887,0.0008531999
Bit_193,0.0008529565
Bit_1718,0.00084705284
Bit_1267,0.0008448137
Bit_1451,0.00084395526
Bit_309,0.0008406331
Bit_1747,0.0008390479
Bit_354,0.0008354875
Bit_487,0.0008338979
Bit_280,0.0008315479
Bit_105,0.00083099713
Bit_1131,0.0008293765
Bit_1287,0.00082642486
Bit_1004,0.00081488886
Bit_1954,0.0008147255
Bit_1657,0.00081183924
Bit_1087,0.0008107732
Bit_824,0.0008101245
Bit_1221,0.00080937566
Bit_446,0.00080573274
Bit_603,0.0007992988
Bit_59,0.00079896994
Bit_383,0.0007952759
Bit_1934,0.0007927022
Bit_235,0.00078771444
Bit_1790,0.0007823329
Bit_41,0.0007639367
Bit_1793,0.0007632432
Bit_79,0.0007553833
Bit_1149,0.0007526978
Bit_728,0.0007517064
Bit_1302,0.0007476034
Bit_1951,0.0007416908
Bit_759,0.0007385009
Bit_1046,0.00073131174
Bit_610,0.0007274385
Bit_1663,0.00072660146
Bit_1639,0.00072332425
Bit_838,0.00072225946
Bit_1049,0.0007189219
Bit_1043,0.00071701343
Bit_1734,0.0007151387
Bit_1162,0.00071501004
Bit_766,0.0007146467
Bit_864,0.0007146209
Bit_717,0.00071141095
Bit_57,0.000710581
Bit_1201,0.0007097652
Bit_689,0.0007072793
Bit_653,0.00070661807
Bit_118,0.0006973959
Bit_1691,0.00069504883
Bit_2004,0.00069187715
Bit_29,0.0006891773
Bit_2028,0.00068769045
Bit_6,0.00068701425
Bit_1298,0.0006836369
Bit_1573,0.0006810964
Bit_1646,0.00067792163
Bit_674,0.000671916
Bit_583,0.0006696753
Bit_1854,0.000669025
Bit_362,0.0006675725
Bit_284,0.0006672966
Bit_1141,0.0006617752
Bit_965,0.0006579347
Bit_1486,0.0006546766
Bit_760,0.0006527892
Bit_739,0.00065011275
Bit_622,0.000649794
Bit_323,0.00064938667
Bit_1773,0.0006491336
Bit_145,0.00064075226
Bit_1964,0.000640312
Bit_1781,0.0006377761
Bit_1847,0.0006372637
Bit_863,0.0006359981
Bit_905,0.0006344776
Bit_253,0.00063420885
Bit_208,0.0006258069
Bit_1619,0.00062477053
Bit_548,0.00062244706
Bit_1694,0.0006196928
Bit_396,0.0006182904
Bit_945,0.0006118415
Bit_34,0.00060468994
Bit_1262,0.00060189486
Bit_1169,0.000601789
Bit_479,0.0005967804
Bit_1614,0.0005951997
Bit_2018,0.0005921321
Bit_1351,0.00059134833
Bit_1693,0.00058917707
Bit_1738,0.0005880249
Bit_14,0.0005825611
Bit_826,0.00057534315
Bit_1252,0.000573425
Bit_61,0.0005732862
Bit_1518,0.00057193375
Bit_243,0.0005718039
Bit_1637,0.0005710367
Bit_288,0.00057099457
Bit_967,0.00056695886
Bit_364,0.0005668935
Bit_961,0.0005665908
Bit_1572,0.0005635141
Bit_1925,0.0005621851
Bit_1921,0.00055906584
Bit_813,0.00054724934
Bit_2033,0.0005468508
Bit_1257,0.00054408796
Bit_1070,0.00054305315
Bit_74,0.00054250786
Bit_83,0.0005422745
Bit_392,0.000541751
Bit_1480,0.0005402647
Bit_30,0.0005399457
Bit_163,0.0005398623
Bit_1445,0.0005386304
Bit_1003,0.00053827
Bit_165,0.00053704146
Bit_1895,0.0005343151
Bit_1905,0.00052883837
Bit_1272,0.00052808406
Bit_36,0.0005244108
Bit_1654,0.00051898387
Bit_357,0.000517129
Bit_1509,0.00051471556
Bit_572,0.0005140491
Bit_657,0.0005126106
Bit_1840,0.00051093526
Bit_1507,0.0005099434
Bit_107,0.0005095719
Bit_494,0.00050883245
Bit_115,0.00050686783
Bit_1765,0.0005053523
Bit_682,0.00050446467
Bit_90,0.0005038902
Bit_1670,0.0005037602
Bit_104,0.00050186063
Bit_1762,0.0005018024
Bit_1939,0.0005016246
Bit_591,0.00049812504
Bit_476,0.0004976117
Bit_960,0.0004973635
Bit_918,0.0004899732
Bit_1537,0.00048749518
Bit_2044,0.00048360287
Bit_1411,0.00048059697
Bit_1328,0.0004743603
Bit_419,0.0004724126
Bit_94,0.0004689777
Bit_313,0.00046816666
Bit_1258,0.000467948
Bit_1998,0.00046705728
Bit_2000,0.00046569013
Bit_981,0.0004642418
Bit_598,0.00046211353
Bit_292,0.00046035333
Bit_95,0.0004563882
Bit_1148,0.0004556495
Bit_350,0.00045521383
Bit_1530,0.00045325715
Bit_1241,0.00045062185
Bit_266,0.00044680896
Bit_463,0.00044635436
Bit_1307,0.00044583756
Bit_708,0.000445772
Bit_590,0.0004451617
Bit_333,0.0004425292
Bit_555,0.00044238436
Bit_1884,0.00044033868
Bit_327,0.00044001755
Bit_2021,0.00043889962
Bit_1517,0.0004366909
Bit_1700,0.00043547936
Bit_1295,0.0004341013
Bit_1384,0.0004313676
Bit_660,0.0004274211
Bit_242,0.00042439293
Bit_106,0.0004229542
Bit_753,0.00042288058
Bit_671,0.00041672235
Bit_1172,0.00041650218
Bit_690,0.00041577127
Bit_1050,0.00041371316
Bit_197,0.00041162802
Bit_1920,0.00040990984
Bit_51,0.00040989753
Bit_184,0.0004096891
Bit_1440,0.0004036649
Bit_1542,0.00040162052
Bit_190,0.00040158065
Bit_632,0.00040086696
Bit_859,0.0004006708
Bit_1649,0.00040066615
Bit_157,0.0004000668
Bit_1387,0.00039853176
Bit_60,0.0003985152
Bit_295,0.0003969995
Bit_721,0.0003955726
Bit_1008,0.000393858
Bit_1730,0.00039168168
Bit_1025,0.00038999834
Bit_845,0.00038993513
Bit_1995,0.00038973123
Bit_448,0.00038948163
Bit_491,0.0003886673
Bit_1492,0.00038669544
Bit_735,0.00038627264
Bit_614,0.00038618044
Bit_86,0.00038492525
Bit_795,0.00038133044
Bit_1866,0.00038009638
Bit_1504,0.000380049
Bit_867,0.00037665202
Bit_895,0.00037583933
Bit_1154,0.00037382587
Bit_43,0.00037219023
Bit_1977,0.00037036356
Bit_1856,0.00037002083
Bit_784,0.00036974554
Bit_1096,0.00036666915
Bit_519,0.00036431657
Bit_1481,0.00036417993
Bit_1058,0.0003637721
Bit_832,0.0003605873
Bit_1276,0.0003592707
Bit_1853,0.00035687056
Bit_146,0.00035529674
Bit_1352,0.00035103926
Bit_692,0.00035044306
Bit_1101,0.00034374968
Bit_1810,0.00034330742
Bit_2009,0.00034241157
Bit_89,0.0003418976
Bit_1193,0.000340234
Bit_615,0.00033965844
Bit_679,0.00033860843
Bit_1093,0.00033838098
Bit_521,0.00033702108
Bit_325,0.00033638906
Bit_1512,0.00033472534
Bit_1996,0.00033460264
Bit_262,0.0003337794
Bit_975,0.00033225544
Bit_485,0.00033193067
Bit_507,0.0003319138
Bit_885,0.00032990053
Bit_1294,0.00032958793
Bit_1932,0.00032944034
Bit_1634,0.00032813073
Bit_1240,0.00032737537
Bit_1503,0.00032707216
Bit_334,0.0003269681
Bit_278,0.0003262317
Bit_1284,0.00032230615
Bit_879,0.0003208623
Bit_1846,0.0003199473
Bit_514,0.00031898005
Bit_973,0.0003183073
Bit_50,0.00031709418
Bit_1726,0.00031683312
Bit_1640,0.00031652622
Bit_1260,0.00031395745
Bit_26,0.0003132093
Bit_687,0.00031218491
Bit_37,0.00031184196
Bit_738,0.00030998554
Bit_345,0.000307241
Bit_2022,0.00030493736
Bit_1479,0.00030412563
Bit_886,0.00030363427
Bit_526,0.00030211924
Bit_164,0.000299654
Bit_715,0.00029955502
Bit_1983,0.0002994112
Bit_1521,0.0002963782
Bit_1317,0.0002946761
Bit_1403,0.00029382523
Bit_684,0.00029200854
Bit_1609,0.00028959892
Bit_1270,0.00028880202
Bit_2005,0.00028819646
Bit_66,0.000285349
Bit_1176,0.0002833385
Bit_142,0.0002829295
Bit_1249,0.00028137228
Bit_1900,0.00028089265
Bit_4,0.00027959383
Bit_103,0.0002741738
Bit_883,0.0002733451
Bit_597,0.00027324128
Bit_302,0.00027260784
Bit_554,0.00027205664
Bit_779,0.00027162235
Bit_330,0.00027151298
Bit_1811,0.00027056277
Bit_1999,0.0002705494
Bit_407,0.00026987246
Bit_1435,0.00026966596
Bit_996,0.00026944675
Bit_901,0.00026860496
Bit_1867,0.00026769692
Bit_39,0.00026741688
Bit_809,0.00026693355
Bit_1535,0.00026386065
Bit_909,0.00026235348
Bit_1433,0.0002620439
Bit_1055,0.00026152763
Bit_1011,0.00026003344
Bit_623,0.00026002154
Bit_1709,0.0002572559
Bit_552,0.00025723074
Bit_537,0.00025720018
Bit_794,0.0002529253
Bit_807,0.00025289625
Bit_1908,0.00025140846
Bit_1365,0.00025051448
Bit_1919,0.0002503087
Bit_1823,0.00025005967
Bit_406,0.00025000182
Bit_67,0.00024860038
Bit_1316,0.00024838108
Bit_1389,0.0002474136
Bit_5,0.0002473448
Bit_1386,0.000246817
Bit_1013,0.00024637996
Bit_888,0.00024608104
Bit_402,0.00024602006
Bit_1986,0.00024501252
Bit_482,0.00024487483
Bit_523,0.00024456112
Bit_788,0.00024264707
Bit_191,0.00023713207
Bit_611,0.00023663879
Bit_915,0.00023493472
Bit_8,0.0002345624
Bit_483,0.0002331665
Bit_1616,0.00023261661
Bit_931,0.00023225829
Bit_790,0.00023192997
Bit_282,0.00023123228
Bit_811,0.00022983576
Bit_1645,0.00022977822
Bit_994,0.00022888945
Bit_601,0.00022644603
Bit_1756,0.00022615968
Bit_441,0.00022510996
Bit_1553,0.00022471538
Bit_52,0.00022386125
Bit_586,0.0002220184
Bit_469,0.0002217875
Bit_1701,0.0002216785
Bit_606,0.00022132658
Bit_42,0.00022089861
Bit_56,0.00021928028
Bit_497,0.00021812075
Bit_496,0.00021769597
Bit_2011,0.00021652722
Bit_1128,0.00021559022
Bit_225,0.00021491408
Bit_545,0.00021421275
Bit_575,0.00021262813
Bit_1263,0.00021143384
Bit_409,0.00021127421
Bit_1516,0.00021038494
Bit_547,0.00020979857
Bit_1489,0.00020925015
Bit_1534,0.00020765931
Bit_1755,0.00020684156
Bit_1056,0.00020561877
Bit_245,0.00020556591
Bit_1104,0.00020485566
Bit_281,0.0002045906
Bit_1033,0.00020254597
Bit_16,0.00020246675
Bit_613,0.00020002153
Bit_230,0.0001993234
Bit_100,0.00019864332
Bit_1695,0.00019810989
Bit_1350,0.00019697615
Bit_1042,0.00019639554
Bit_1620,0.00019362387
Bit_219,0.0001935799
Bit_76,0.00019330891
Bit_303,0.0001928431
Bit_62,0.00019136551
Bit_642,0.00019126634
Bit_466,0.0001911786
Bit_636,0.00019115832
Bit_1808,0.00019037677
Bit_1119,0.00019000107
Bit_199,0.0001897517
Bit_128,0.00018838065
Bit_916,0.00018700359
Bit_541,0.00018591023
Bit_1031,0.00018582726
Bit_510,0.00018554965
Bit_1876,0.00018328759
Bit_1971,0.00018256386
Bit_876,0.0001821625
Bit_387,0.00018196783
Bit_2043,0.00017977749
Bit_170,0.00017943996
Bit_535,0.00017856291
Bit_68,0.00017669686
Bit_1839,0.00017591052
Bit_1959,0.0001755417
Bit_465,0.00017511309
Bit_265,0.00017505478
Bit_1493,0.0001738338
Bit_1427,0.00017356058
Bit_803,0.00017284676
Bit_1358,0.00017274258
Bit_1715,0.0001724433
Bit_825,0.00017095137
Bit_174,0.00016997139
Bit_1265,0.00016975924
Bit_371,0.00016784822
Bit_1923,0.00016436345
Bit_1459,0.00016384543
Bit_1120,0.00016313483
Bit_457,0.00016272103
Bit_1666,0.00016111122
Bit_609,0.00016039179
Bit_78,0.00015973931
Bit_1515,0.00015905121
Bit_1863,0.00015783393
Bit_315,0.0001575401
Bit_947,0.00015732387
Bit_1658,0.0001563749
Bit_979,0.00015616242
Bit_1020,0.00015541266
Bit_672,0.00015459667
Bit_188,0.0001545377
Bit_432,0.000153755
Bit_1238,0.0001521691
Bit_21,0.00015204198
Bit_143,0.00015166691
Bit_1539,0.00015162297
Bit_428,0.00014913573
Bit_206,0.00014891101
Bit_1684,0.00014889467
Bit_1557,0.00014694098
Bit_1629,0.00014640408
Bit_64,0.00014592869
Bit_488,0.00014530124
Bit_1297,0.00014437498
Bit_121,0.00014383465
Bit_1978,0.00014241415
Bit_1799,0.00014176781
Bit_204,0.00014147261
Bit_664,0.00013979319
Bit_1742,0.00013861949
Bit_913,0.00013860383
Bit_1222,0.00013855414
Bit_1946,0.0001375993
Bit_663,0.00013733775
Bit_1326,0.0001372397
Bit_1852,0.00013680811
Bit_291,0.00013636546
Bit_1555,0.00013457304
Bit_980,0.00013454918
Bit_704,0.00013444337
Bit_782,0.00013425674
Bit_1206,0.00013382286
Bit_2041,0.00013363216
Bit_1543,0.00013315973
Bit_32,0.00013308378
Bit_1216,0.00013206044
Bit_1772,0.00013183377
Bit_748,0.00013180384
Bit_192,0.00013053835
Bit_887,0.00013052045
Bit_386,0.00012986902
Bit_415,0.00012909716
Bit_139,0.00012852116
Bit_87,0.0001285064
Bit_214,0.00012810898
Bit_706,0.00012749717
Bit_241,0.00012680567
Bit_676,0.00012627916
Bit_342,0.00012627056
Bit_1953,0.00012539505
Bit_300,0.00012531031
Bit_1993,0.0001251884
Bit_744,0.00012420124
Bit_1415,0.00012339531
Bit_449,0.00012296099
Bit_1261,0.00012279616
Bit_574,0.00012182353
Bit_401,0.0001218114
Bit_733,0.000120866636
Bit_1366,0.00012082251
Bit_912,0.000120233875
Bit_972,0.00011995666
Bit_110,0.00011993142
Bit_123,0.000119850185
Bit_149,0.00011960776
Bit_93,0.00011932862
Bit_1948,0.00011920278
Bit_1341,0.00011803224
Bit_148,0.00011796354
Bit_1720,0.0001175263
Bit_774,0.000116485324
Bit_1982,0.00011641769
Bit_240,0.00011608364
Bit_391,0.000116080024
Bit_942,0.00011534227
Bit_365,0.00011506976
Bit_661,0.00011501791
Bit_297,0.00011326249
Bit_390,0.00011304942
Bit_579,0.00011291747
Bit_818,0.00011277455
Bit_502,0.00011245026
Bit_849,0.00011220688
Bit_1144,0.00011204551
Bit_424,0.0001120312
Bit_532,0.00011119649
Bit_1305,0.00011040026
Bit_412,0.00010924193
Bit_384,0.00010871258
Bit_207,0.00010821023
Bit_974,0.000107989
Bit_154,0.00010722138
Bit_737,0.000107103566
Bit_955,0.00010589993
Bit_599,0.00010565093
Bit_270,0.00010385463
Bit_649,0.00010372474
Bit_1477,0.00010280176
Bit_1595,0.00010270753
Bit_740,0.000102571554
Bit_160,0.00010141431
Bit_70,0.000101058446
Bit_1077,0.00010005092
Bit_1962,0.00010003877
Bit_777,9.998789e-05
Bit_69,9.978624e-05
Bit_1994,9.9218305e-05
Bit_688,9.9206714e-05
Bit_440,9.860006e-05
Bit_1849,9.856023e-05
Bit_1414,9.813888e-05
Bit_368,9.776809e-05
Bit_890,9.638492e-05
Bit_1184,9.620525e-05
Bit_461,9.5372314e-05
Bit_1506,9.526692e-05
Bit_44,9.486872e-05
Bit_741,9.3608294e-05
Bit_140,9.342911e-05
Bit_135,9.2926886e-05
Bit_1500,9.252632e-05
Bit_987,9.2497234e-05
Bit_1561,9.239003e-05
Bit_673,9.1078604e-05
Bit_201,9.079381e-05
Bit_639,9.0655325e-05
Bit_797,9.013299e-05
Bit_1567,8.914406e-05
Bit_1769,8.767451e-05
Bit_180,8.7639244e-05
Bit_1796,8.727384e-05
Bit_1519,8.7272754e-05
Bit_260,8.6382424e-05
Bit_1820,8.628737e-05
Bit_1173,8.468542e-05
Bit_891,8.4534266e-05
Bit_769,8.383663e-05
Bit_3,8.378011e-05
Bit_237,8.373791e-05
Bit_1362,8.311146e-05
Bit_1040,8.263086e-05
Bit_648,8.256493e-05
Bit_501,8.2247985e-05
Bit_27,8.212446e-05
Bit_884,8.1991064e-05
Bit_77,8.1859944e-05
Bit_159,8.1678474e-05
Bit_1653,8.129791e-05
Bit_720,8.104724e-05
Bit_2036,8.05618e-05
Bit_1370,8.054826e-05
Bit_257,8.052986e-05
Bit_1685,8.0139114e-05
Bit_1956,8.013192e-05
Bit_1627,7.9513884e-05
Bit_1397,7.9307276e-05
Bit_366,7.910143e-05
Bit_1001,7.843341e-05
Bit_1673,7.798157e-05
Bit_168,7.760419e-05
Bit_85,7.7245495e-05
Bit_492,7.7010984e-05
Bit_55,7.6822405e-05
Bit_1086,7.585258e-05
Bit_910,7.547327e-05
Bit_677,7.508457e-05
Bit_1635,7.497951e-05
Bit_475,7.391393e-05
Bit_346,7.380325e-05
Bit_380,7.363543e-05
Bit_620,7.2852476e-05
Bit_580,7.2769384e-05
Bit_1082,7.2541436e-05
Bit_595,7.251463e-05
Bit_930,7.24992e-05
Bit_1245,7.238847e-05
Bit_456,7.1841714e-05
Bit_551,7.139428e-05
Bit_908,7.076264e-05
Bit_1704,7.04785e-05
Bit_48,6.975896e-05
Bit_1771,6.955335e-05
Bit_1296,6.940425e-05
Bit_1399,6.844294e-05
Bit_1540,6.7955145e-05
Bit_1208,6.761513e-05
Bit_943,6.722905e-05
Bit_2027,6.679428e-05
Bit_198,6.673445e-05
Bit_1461,6.663997e-05
Bit_1047,6.620426e-05
Bit_1348,6.52809e-05
Bit_655,6.518419e-05
Bit_505,6.49864e-05
Bit_703,6.44832e-05
Bit_299,6.426817e-05
Bit_1224,6.406294e-05
Bit_899,6.403033e-05
Bit_1264,6.394431e-05
Bit_853,6.385794e-05
Bit_474,6.3379906e-05
Bit_793,6.2419385e-05
Bit_1076,6.216291e-05
Bit_464,6.165608e-05
Bit_513,6.146925e-05
Bit_1831,6.130052e-05
Bit_1724,6.112342e-05
Bit_927,6.056526e-05
Bit_255,6.0185335e-05
Bit_205,5.978636e-05
Bit_1133,5.976036e-05
Bit_588,5.8805086e-05
Bit_1502,5.872417e-05
Bit_1759,5.8137004e-05
Bit_172,5.635195e-05
Bit_312,5.6127235e-05
Bit_978,5.6055702e-05
Bit_1638,5.592381e-05
Bit_629,5.5369674e-05
Bit_1282,5.5323133e-05
Bit_437,5.5064207e-05
Bit_1892,5.5057324e-05
Bit_892,5.4410448e-05
Bit_1187,5.432834e-05
Bit_1322,5.4018717e-05
Bit_643,5.3818054e-05
Bit_758,5.354842e-05
Bit_1817,5.316818e-05
Bit_637,5.3085907e-05
Bit_1338,5.2905252e-05
Bit_724,5.2769807e-05
Bit_1688,5.272995e-05
Bit_1380,5.238167e-05
Bit_524,5.1758747e-05
Bit_742,5.1485404e-05
Bit_596,5.118954e-05
Bit_1283,5.108687e-05
Bit_691,5.0985796e-05
Bit_1377,5.05921e-05
Bit_423,4.9951745e-05
Bit_1605,4.890153e-05
Bit_161,4.8447688e-05
Bit_946,4.7924397e-05
Bit_117,4.7430272e-05
Bit_998,4.6931716e-05
Bit_210,4.6892488e-05
Bit_1735,4.6735102e-05
Bit_46,4.672947e-05
Bit_250,4.6005476e-05
Bit_1814,4.595518e-05
Bit_1430,4.5745503e-05
Bit_865,4.5020126e-05
Bit_1437,4.4475604e-05
Bit_1574,4.426235e-05
Bit_1623,4.3922384e-05
Bit_814,4.3786367e-05
Bit_263,4.364832e-05
Bit_860,4.3455188e-05
Bit_35,4.2953616e-05
Bit_166,4.242628e-05
Bit_1112,4.1308518e-05
Bit_82,4.123072e-05
Bit_12,4.104491e-05
Bit_1551,4.0966166e-05
Bit_1006,4.0949755e-05
Bit_619,3.9871356e-05
Bit_254,3.9678893e-05
Bit_259,3.946482e-05
Bit_152,3.9455674e-05
Bit_125,3.9433395e-05
Bit_2046,3.9313592e-05
Bit_1498,3.9252904e-05
Bit_815,3.860151e-05
Bit_543,3.8248072e-05
Bit_232,3.816261e-05
Bit_712,3.7383663e-05
Bit_2020,3.733255e-05
Bit_594,3.720283e-05
Bit_332,3.6765752e-05
Bit_1575,3.645233e-05
Bit_10,3.63438e-05
Bit_81,3.6259982e-05
Bit_1768,3.595408e-05
Bit_20,3.5939524e-05
Bit_617,3.5901743e-05
Bit_800,3.565641e-05
Bit_1729,3.5651e-05
Bit_1699,3.54777e-05
Bit_576,3.5399084e-05
Bit_1615,3.5158824e-05
Bit_1628,3.509989e-05
Bit_1196,3.509605e-05
Bit_1158,3.48783e-05
Bit_862,3.4395372e-05
Bit_187,3.3684668e-05
Bit_723,3.3393153e-05
Bit_244,3.3227494e-05
Bit_1237,3.2734075e-05
Bit_268,3.252085e-05
Bit_1751,3.2378477e-05
Bit_1569,3.1811393e-05
Bit_379,3.1628595e-05
Bit_952,3.160538e-05
Bit_318,3.1475018e-05
Bit_426,3.1143696e-05
Bit_948,3.096616e-05
Bit_1214,3.0879768e-05
Bit_470,3.0516854e-05
Bit_420,3.0401905e-05
Bit_798,3.039835e-05
Bit_1456,2.9832861e-05
Bit_1156,2.939721e-05
Bit_339,2.9340994e-05
Bit_2045,2.9056517e-05
Bit_1809,2.894416e-05
Bit_181,2.8805905e-05
Bit_1155,2.7927908e-05
Bit_1423,2.7613949e-05
Bit_1859,2.7496704e-05
Bit_968,2.7315702e-05
Bit_1301,2.716408e-05
Bit_264,2.6950109e-05
Bit_1436,2.693434e-05
Bit_209,2.6786362e-05
Bit_1501,2.6503181e-05
Bit_298,2.6481286e-05
Bit_1211,2.5968546e-05
Bit_1090,2.5945948e-05
Bit_625,2.5875344e-05
Bit_1554,2.5611234e-05
Bit_1336,2.5448599e-05
Bit_1981,2.5405241e-05
Bit_321,2.536764e-05
Bit_367,2.459589e-05
Bit_1099,2.4581226e-05
Bit_665,2.4419114e-05
Bit_1454,2.4383793e-05
Bit_186,2.4052428e-05
Bit_122,2.3990935e-05
Bit_844,2.395674e-05
Bit_1862,2.3662562e-05
Bit_1337,2.3176728e-05
Bit_1045,2.3173892e-05
Bit_1579,2.3134491e-05
Bit_1677,2.3094479e-05
Bit_1581,2.2926828e-05
Bit_495,2.2808277e-05
Bit_1166,2.2780332e-05
Bit_158,2.25961e-05
Bit_944,2.2408736e-05
Bit_17,2.1958569e-05
Bit_344,2.1510577e-05
Bit_450,2.0997735e-05
Bit_1857,2.0855192e-05
Bit_1828,2.0822443e-05
Bit_587,2.0642656e-05
Bit_641,2.043517e-05
Bit_1026,2.0433725e-05
Bit_224,2.0418409e-05
Bit_1005,2.0361125e-05
Bit_200,2.0323227e-05
Bit_662,2.0291815e-05
Bit_228,1.9771429e-05
Bit_150,1.9659987e-05
Bit_1021,1.9416919e-05
Bit_1408,1.9037148e-05
Bit_1886,1.8994659e-05
Bit_1254,1.8897781e-05
Bit_1188,1.8829347e-05
Bit_1113,1.8576551e-05
Bit_701,1.834072e-05
Bit_1041,1.8033983e-05
Bit_1200,1.8008226e-05
Bit_436,1.793504e-05
Bit_385,1.7908544e-05
Bit_1630,1.7824248e-05
Bit_153,1.7441807e-05
Bit_489,1.703388e-05
Bit_1232,1.7003531e-05
Bit_320,1.6676306e-05
Bit_363,1.6591079e-05
Bit_1247,1.6235832e-05
Bit_217,1.6013271e-05
Bit_1497,1.5817834e-05
Bit_1390,1.5812524e-05
Bit_196,1.5730695e-05
Bit_1583,1.5726026e-05
Bit_666,1.571448e-05
Bit_24,1.568889e-05
Bit_1364,1.5339123e-05
Bit_277,1.5231387e-05
Bit_1318,1.5189278e-05
Bit_749,1.4570089e-05
Bit_22,1.4506951e-05
Bit_929,1.44648875e-05
Bit_47,1.4427917e-05
Bit_1689,1.4169697e-05
Bit_1036,1.413034e-05
Bit_132,1.41022065e-05
Bit_1570,1.4099441e-05
Bit_1334,1.4095004e-05
Bit_19,1.4083444e-05
Bit_372,1.40056745e-05
Bit_271,1.395419e-05
Bit_375,1.3774403e-05
Bit_451,1.3472823e-05
Bit_189,1.3448734e-05
Bit_171,1.3427526e-05
Bit_229,1.3374974e-05
Bit_275,1.3139791e-05
Bit_858,1.252147e-05
Bit_341,1.2441633e-05
Bit_771,1.2322884e-05
Bit_752,1.2264625e-05
Bit_1571,1.2232932e-05
Bit_509,1.2044375e-05
Bit_223,1.1999068e-05
Bit_1189,1.1747222e-05
Bit_194,1.1502455e-05
Bit_780,1.1419443e-05
Bit_120,1.1352363e-05
Bit_658,1.1319571e-05
Bit_23,1.1307058e-05
Bit_296,1.1257825e-05
Bit_1361,1.1248286e-05
Bit_1344,1.1123582e-05
Bit_558,1.0966931e-05
Bit_1175,1.087539e-05
Bit_247,1.0853012e-05
Bit_1404,1.0741948e-05
Bit_1885,1.06946445e-05
Bit_877,1.0691599e-05
Bit_290,1.064578e-05
Bit_316,1.0232655e-05
Bit_75,1.01994465e-05
Bit_1966,1.0169492e-05
Bit_833,1.0129485e-05
Bit_855,1.0063862e-05
Bit_503,9.993236e-06
Bit_131,9.911929e-06
Bit_1813,9.870932e-06
Bit_71,9.84266e-06
Bit_177,9.621179e-06
Bit_317,9.606614e-06
Bit_248,9.551237e-06
Bit_1210,9.504271e-06
Bit_1289,9.321966e-06
Bit_138,9.019653e-06
Bit_1209,8.872765e-06
Bit_963,8.787023e-06
Bit_500,8.635694e-06
Bit_1587,8.486686e-06
Bit_15,8.176776e-06
Bit_356,8.150145e-06
Bit_686,7.852668e-06
Bit_1800,7.669452e-06
Bit_612,7.632217e-06
Bit_358,7.576684e-06
Bit_696,7.4518834e-06
Bit_570,7.2370476e-06
Bit_678,7.2068156e-06
Bit_1290,6.918203e-06
Bit_923,6.8662785e-06
Bit_1997,6.549621e-06
Bit_1650,6.4097485e-06
Bit_273,6.3951147e-06
Bit_1139,6.39099e-06
Bit_421,6.378774e-06
Bit_411,6.114289e-06
Bit_1022,6.068423e-06
Bit_848,6.0491666e-06
Bit_410,5.8129617e-06
Bit_336,5.7432944e-06
Bit_882,5.6924277e-06
Bit_1107,5.5653136e-06
Bit_127,5.52766e-06
Bit_182,5.430668e-06
Bit_156,5.3904296e-06
Bit_559,5.298405e-06
Bit_185,5.2019604e-06
Bit_276,5.0651834e-06
Bit_1460,5.021696e-06
Bit_512,4.9254895e-06
Bit_633,4.9041255e-06
Bit_1253,4.707735e-06
Bit_763,4.57086e-06
Bit_101,4.524819e-06
Bit_452,4.2563593e-06
Bit_173,4.216252e-06
Bit_261,4.135698e-06
Bit_382,3.8768644e-06
Bit_348,3.8757107e-06
Bit_789,3.87504e-06
Bit_1054,3.4375805e-06
Bit_212,3.1888958e-06
Bit_338,3.1186303e-06
Bit_129,3.1040306e-06
Bit_1347,2.967577e-06
Bit_267,2.8001434e-06
Bit_221,2.6447183e-06
Bit_414,2.584751e-06
Bit_645,2.5530126e-06
Bit_112,2.5084285e-06
Bit_285,2.4795286e-06
Bit_175,2.4614314e-06
Bit_1271,2.359357e-06
Bit_269,2.2347976e-06
Bit_405,2.1068438e-06
Bit_1877,2.0856567e-06
Bit_914,1.8879111e-06
Bit_755,1.8724492e-06
Bit_91,1.6913981e-06
Bit_1753,1.6546975e-06
Bit_151,1.4860033e-06
Bit_179,2.0258898e-07
Bit_1580,0.0
Bit_1656,0.0
Bit_1578,0.0
Bit_1710,0.0
Bit_1655,0.0
Bit_398,0.0
Bit_1711,0.0
Bit_1713,0.0
Bit_1714,0.0
Bit_359,0.0
Bit_360,0.0
Bit_374,0.0
Bit_369,0.0
Bit_397,0.0
Bit_370,0.0
Bit_331,0.0
Bit_329,0.0
Bit_388,0.0
Bit_1652,0.0
Bit_1731,0.0
Bit_1732,0.0
Bit_1669,0.0
Bit_1668,0.0
Bit_347,0.0
Bit_1664,0.0
Bit_1662,0.0
Bit_349,0.0
Bit_353,0.0
Bit_1585,0.0
Bit_355,0.0
Bit_1651,0.0
Bit_306,0.0
Bit_1642,0.0
Bit_307,0.0
Bit_1705,0.0
Bit_1706,0.0
Bit_1707,0.0
Bit_1708,0.0
Bit_1661,0.0
Bit_1643,0.0
Bit_1644,0.0
Bit_1647,0.0
Bit_1682,0.0
Bit_1584,0.0
Bit_399,0.0
Bit_1672,0.0
Bit_400,0.0
Bit_404,0.0
Bit_1608,0.0
Bit_1703,0.0
Bit_1702,0.0
Bit_1610,0.0
Bit_1611,0.0
Bit_1591,0.0
Bit_1680,0.0
Bit_422,0.0
Bit_1612,0.0
Bit_418,0.0
Bit_1613,0.0
Bit_1698,0.0
Bit_1622,0.0
Bit_1692,0.0
Bit_377,0.0
Bit_1690,0.0
Bit_1687,0.0
Bit_376,0.0
Bit_340,0.0
Bit_1681,0.0
Bit_395,0.0
Bit_1716,0.0
Bit_393,0.0
Bit_311,0.0
Bit_1679,0.0
Bit_1678,0.0
Bit_1676,0.0
Bit_1675,0.0
Bit_1624,0.0
Bit_1674,0.0
Bit_1592,0.0
Bit_1625,0.0
Bit_1599,0.0
Bit_1626,0.0
Bit_1598,0.0
Bit_1596,0.0
Bit_1632,0.0
Bit_1633,0.0
Bit_1636,0.0
Bit_1641,0.0
Bit_337,0.0
Bit_1593,0.0
Bit_1606,0.0
Bit_169,0.0
Bit_1926,0.0
Bit_1924,0.0
Bit_1918,0.0
Bit_1916,0.0
Bit_1914,0.0
Bit_1942,0.0
Bit_1940,0.0
Bit_1938,0.0
Bit_1937,0.0
Bit_1936,0.0
Bit_1586,0.0
Bit_1933,0.0
Bit_1931,0.0
Bit_1930,0.0
Bit_1929,0.0
Bit_1927,0.0
Bit_137,0.0
Bit_136,0.0
Bit_1958,0.0
Bit_1955,0.0
Bit_1952,0.0
Bit_1950,0.0
Bit_1935,0.0
Bit_211,0.0
Bit_183,0.0
Bit_1894,0.0
Bit_1893,0.0
Bit_1891,0.0
Bit_1890,0.0
Bit_1889,0.0
Bit_1883,0.0
Bit_1882,0.0
Bit_1913,0.0
Bit_1912,0.0
Bit_176,0.0
Bit_1909,0.0
Bit_1907,0.0
Bit_1906,0.0
Bit_1904,0.0
Bit_1903,0.0
Bit_1902,0.0
Bit_1901,0.0
Bit_1899,0.0
Bit_1897,0.0
Bit_1896,0.0
Bit_195,0.0
Bit_178,0.0
Bit_1910,0.0
Bit_2002,0.0
Bit_2001,0.0
Bit_1992,0.0
Bit_72,0.0
Bit_2019,0.0
Bit_2016,0.0
Bit_2015,0.0
Bit_2014,0.0
Bit_2013,0.0
Bit_2012,0.0
Bit_2010,0.0
Bit_1949,0.0
Bit_53,0.0
Bit_49,0.0
Bit_2038,0.0
Bit_2037,0.0
Bit_2032,0.0
Bit_2031,0.0
Bit_2030,0.0
Bit_2029,0.0
Bit_2026,0.0
Bit_2025,0.0
Bit_2024,0.0
Bit_2023,0.0
Bit_2008,0.0
Bit_1947,0.0
Bit_1945,0.0
Bit_1944,0.0
Bit_126,0.0
Bit_124,0.0
Bit_1974,0.0
Bit_1973,0.0
Bit_1969,0.0
Bit_1968,0.0
Bit_1967,0.0
Bit_1965,0.0
Bit_2003,0.0
Bit_98,0.0
Bit_1990,0.0
Bit_1989,0.0
Bit_1987,0.0
Bit_1979,0.0
Bit_1976,0.0
Bit_113,0.0
Bit_111,0.0
Bit_108,0.0
Bit_134,0.0
Bit_40,0.0
Bit_2006,0.0
Bit_1963,0.0
Bit_1757,0.0
Bit_1752,0.0
Bit_1785,0.0
Bit_1784,0.0
Bit_1782,0.0
Bit_1780,0.0
Bit_1779,0.0
Bit_1777,0.0
Bit_1776,0.0
Bit_1774,0.0
Bit_1767,0.0
Bit_1864,0.0
Bit_256,0.0
Bit_1798,0.0
Bit_1797,0.0
Bit_1795,0.0
Bit_1794,0.0
Bit_1792,0.0
Bit_1789,0.0
Bit_1788,0.0
Bit_1787,0.0
Bit_1786,0.0
Bit_1819,0.0
Bit_274,0.0
Bit_1728,0.0
Bit_1727,0.0
Bit_1725,0.0
Bit_1723,0.0
Bit_1719,0.0
Bit_326,0.0
Bit_324,0.0
Bit_1749,0.0
Bit_1748,0.0
Bit_1746,0.0
Bit_1744,0.0
Bit_1758,0.0
Bit_1741,0.0
Bit_1740,0.0
Bit_1739,0.0
Bit_1736,0.0
Bit_287,0.0
Bit_279,0.0
Bit_308,0.0
Bit_272,0.0
Bit_1766,0.0
Bit_1764,0.0
Bit_1763,0.0
Bit_1761,0.0
Bit_1743,0.0
Bit_1841,0.0
Bit_1838,0.0
Bit_1837,0.0
Bit_1836,0.0
Bit_1835,0.0
Bit_1834,0.0
Bit_1861,0.0
Bit_1860,0.0
Bit_1858,0.0
Bit_1851,0.0
Bit_1850,0.0
Bit_1818,0.0
Bit_1881,0.0
Bit_1880,0.0
Bit_1879,0.0
Bit_1878,0.0
Bit_1875,0.0
Bit_1873,0.0
Bit_1872,0.0
Bit_1871,0.0
Bit_1870,0.0
Bit_1869,0.0
Bit_1868,0.0
Bit_1865,0.0
Bit_1848,0.0
Bit_1815,0.0
Bit_1812,0.0
Bit_1807,0.0
Bit_1806,0.0
Bit_1805,0.0
Bit_1802,0.0
Bit_258,0.0
Bit_246,0.0
Bit_239,0.0
Bit_238,0.0
Bit_236,0.0
Bit_1842,0.0
Bit_1830,0.0
Bit_1829,0.0
Bit_1827,0.0
Bit_1826,0.0
Bit_1824,0.0
Bit_1822,0.0
Bit_1821,0.0
Bit_220,0.0
Bit_215,0.0
Bit_1845,0.0
Bit_1844,0.0
Bit_1843,0.0
Bit_234,0.0
Bit_1115,0.0
Bit_1111,0.0
Bit_773,0.0
Bit_772,0.0
Bit_770,0.0
Bit_768,0.0
Bit_765,0.0
Bit_764,0.0
Bit_762,0.0
Bit_761,0.0
Bit_1140,0.0
Bit_1138,0.0
Bit_1137,0.0
Bit_33,0.0
Bit_1134,0.0
Bit_727,0.0
Bit_1153,0.0
Bit_1151,0.0
Bit_1147,0.0
Bit_1146,0.0
Bit_757,0.0
Bit_756,0.0
Bit_754,0.0
Bit_746,0.0
Bit_1180,0.0
Bit_1178,0.0
Bit_1177,0.0
Bit_1135,0.0
Bit_791,0.0
Bit_1092,0.0
Bit_1091,0.0
Bit_1084,0.0
Bit_1081,0.0
Bit_1080,0.0
Bit_786,0.0
Bit_785,0.0
Bit_778,0.0
Bit_776,0.0
Bit_1109,0.0
Bit_1105,0.0
Bit_1103,0.0
Bit_1117,0.0
Bit_1100,0.0
Bit_1098,0.0
Bit_1095,0.0
Bit_806,0.0
Bit_1132,0.0
Bit_1129,0.0
Bit_1127,0.0
Bit_1126,0.0
Bit_1125,0.0
Bit_1124,0.0
Bit_1123,0.0
Bit_1122,0.0
Bit_1121,0.0
Bit_1118,0.0
Bit_1102,0.0
Bit_705,0.0
Bit_702,0.0
Bit_700,0.0
Bit_698,0.0
Bit_697,0.0
Bit_1220,0.0
Bit_1219,0.0
Bit_1218,0.0
Bit_1217,0.0
Bit_1215,0.0
Bit_1213,0.0
Bit_683,0.0
Bit_681,0.0
Bit_1174,0.0
Bit_1234,0.0
Bit_1230,0.0
Bit_1229,0.0
Bit_1228,0.0
Bit_1227,0.0
Bit_1226,0.0
Bit_1225,0.0
Bit_1223,0.0
Bit_710,0.0
Bit_709,0.0
Bit_668,0.0
Bit_1251,0.0
Bit_1250,0.0
Bit_1235,0.0
Bit_1170,0.0
Bit_1167,0.0
Bit_1165,0.0
Bit_1161,0.0
Bit_1159,0.0
Bit_732,0.0
Bit_731,0.0
Bit_730,0.0
Bit_729,0.0
Bit_726,0.0
Bit_722,0.0
Bit_719,0.0
Bit_716,0.0
Bit_707,0.0
Bit_1186,0.0
Bit_1185,0.0
Bit_1183,0.0
Bit_1182,0.0
Bit_1212,0.0
Bit_1207,0.0
Bit_1204,0.0
Bit_1203,0.0
Bit_1202,0.0
Bit_1198,0.0
Bit_1197,0.0
Bit_1194,0.0
Bit_1192,0.0
Bit_1191,0.0
Bit_1190,0.0
Bit_954,0.0
Bit_953,0.0
Bit_985,0.0
Bit_982,0.0
Bit_977,0.0
Bit_971,0.0
Bit_969,0.0
Bit_902,0.0
Bit_900,0.0
Bit_897,0.0
Bit_894,0.0
Bit_889,0.0
Bit_917,0.0
Bit_792,0.0
Bit_874,0.0
Bit_873,0.0
Bit_872,0.0
Bit_871,0.0
Bit_997,0.0
Bit_995,0.0
Bit_993,0.0
Bit_992,0.0
Bit_990,0.0
Bit_989,0.0
Bit_986,0.0
Bit_861,0.0
Bit_857,0.0
Bit_880,0.0
Bit_0,0.0
Bit_924,0.0
Bit_922,0.0
Bit_921,0.0
Bit_920,0.0
Bit_919,0.0
Bit_2047,0.0
Bit_2042,0.0
Bit_2039,0.0
Bit_18,0.0
Bit_951,0.0
Bit_939,0.0
Bit_938,0.0
Bit_956,0.0
Bit_934,0.0
Bit_933,0.0
Bit_928,0.0
Bit_925,0.0
Bit_911,0.0
Bit_907,0.0
Bit_906,0.0
Bit_904,0.0
Bit_966,0.0
Bit_964,0.0
Bit_962,0.0
Bit_959,0.0
Bit_958,0.0
Bit_957,0.0
Bit_936,0.0
Bit_808,0.0
Bit_1062,0.0
Bit_1061,0.0
Bit_1059,0.0
Bit_1051,0.0
Bit_834,0.0
Bit_830,0.0
Bit_829,0.0
Bit_827,0.0
Bit_854,0.0
Bit_1079,0.0
Bit_1078,0.0
Bit_1075,0.0
Bit_856,0.0
Bit_1071,0.0
Bit_1069,0.0
Bit_1068,0.0
Bit_1067,0.0
Bit_1065,0.0
Bit_822,0.0
Bit_821,0.0
Bit_820,0.0
Bit_819,0.0
Bit_817,0.0
Bit_805,0.0
Bit_799,0.0
Bit_796,0.0
Bit_1074,0.0
Bit_1014,0.0
Bit_1012,0.0
Bit_1010,0.0
Bit_1009,0.0
Bit_1007,0.0
Bit_1002,0.0
Bit_999,0.0
Bit_1032,0.0
Bit_1030,0.0
Bit_1029,0.0
Bit_1024,0.0
Bit_1023,0.0
Bit_1018,0.0
Bit_812,0.0
Bit_1015,0.0
Bit_870,0.0
Bit_868,0.0
Bit_866,0.0
Bit_851,0.0
Bit_850,0.0
Bit_847,0.0
Bit_846,0.0
Bit_842,0.0
Bit_840,0.0
Bit_839,0.0
Bit_1044,0.0
Bit_1038,0.0
Bit_1037,0.0
Bit_1016,0.0
Bit_1474,0.0
Bit_1473,0.0
Bit_1472,0.0
Bit_1471,0.0
Bit_1470,0.0
Bit_1469,0.0
Bit_1467,0.0
Bit_1466,0.0
Bit_1464,0.0
Bit_1463,0.0
Bit_1495,0.0
Bit_1491,0.0
Bit_1490,0.0
Bit_1248,0.0
Bit_1485,0.0
Bit_1484,0.0
Bit_1483,0.0
Bit_481,0.0
Bit_480,0.0
Bit_478,0.0
Bit_477,0.0
Bit_499,0.0
Bit_467,0.0
Bit_462,0.0
Bit_460,0.0
Bit_459,0.0
Bit_458,0.0
Bit_1488,0.0
Bit_1416,0.0
Bit_550,0.0
Bit_549,0.0
Bit_546,0.0
Bit_544,0.0
Bit_1448,0.0
Bit_1443,0.0
Bit_1442,0.0
Bit_1439,0.0
Bit_1438,0.0
Bit_1434,0.0
Bit_1432,0.0
Bit_1431,0.0
Bit_1478,0.0
Bit_531,0.0
Bit_530,0.0
Bit_528,0.0
Bit_527,0.0
Bit_518,0.0
Bit_517,0.0
Bit_516,0.0
Bit_515,0.0
Bit_511,0.0
Bit_506,0.0
Bit_1462,0.0
Bit_1455,0.0
Bit_498,0.0
Bit_493,0.0
Bit_534,0.0
Bit_454,0.0
Bit_453,0.0
Bit_435,0.0
Bit_434,0.0
Bit_433,0.0
Bit_431,0.0
Bit_430,0.0
Bit_429,0.0
Bit_427,0.0
Bit_1558,0.0
Bit_1556,0.0
Bit_1552,0.0
Bit_1550,0.0
Bit_1510,0.0
Bit_1577,0.0
Bit_1576,0.0
Bit_1568,0.0
Bit_1566,0.0
Bit_1565,0.0
Bit_1563,0.0
Bit_1562,0.0
Bit_1560,0.0
Bit_1559,0.0
Bit_417,0.0
Bit_413,0.0
Bit_1590,0.0
Bit_1588,0.0
Bit_1549,0.0
Bit_1508,0.0
Bit_1505,0.0
Bit_1499,0.0
Bit_1496,0.0
Bit_447,0.0
Bit_445,0.0
Bit_444,0.0
Bit_443,0.0
Bit_442,0.0
Bit_439,0.0
Bit_1526,0.0
Bit_1525,0.0
Bit_1524,0.0
Bit_1527,0.0
Bit_1522,0.0
Bit_1520,0.0
Bit_1514,0.0
Bit_1513,0.0
Bit_468,0.0
Bit_1548,0.0
Bit_1547,0.0
Bit_1546,0.0
Bit_1545,0.0
Bit_1544,0.0
Bit_1541,0.0
Bit_1533,0.0
Bit_1531,0.0
Bit_1529,0.0
Bit_1523,0.0
Bit_1315,0.0
Bit_1312,0.0
Bit_1311,0.0
Bit_1310,0.0
Bit_1306,0.0
Bit_1304,0.0
Bit_1303,0.0
Bit_608,0.0
Bit_607,0.0
Bit_605,0.0
Bit_604,0.0
Bit_600,0.0
Bit_630,0.0
Bit_1418,0.0
Bit_1335,0.0
Bit_1333,0.0
Bit_1332,0.0
Bit_1331,0.0
Bit_1330,0.0
Bit_1327,0.0
Bit_1324,0.0
Bit_1323,0.0
Bit_1321,0.0
Bit_1320,0.0
Bit_593,0.0
Bit_585,0.0
Bit_584,0.0
Bit_1339,0.0
Bit_1246,0.0
Bit_1244,0.0
Bit_1242,0.0
Bit_685,0.0
Bit_659,0.0
Bit_651,0.0
Bit_647,0.0
Bit_1269,0.0
Bit_1268,0.0
Bit_1266,0.0
Bit_1259,0.0
Bit_670,0.0
Bit_669,0.0
Bit_1319,0.0
Bit_634,0.0
Bit_631,0.0
Bit_1286,0.0
Bit_1280,0.0
Bit_1278,0.0
Bit_1277,0.0
Bit_1275,0.0
Bit_628,0.0
Bit_626,0.0
Bit_616,0.0
Bit_1300,0.0
Bit_1293,0.0
Bit_1291,0.0
Bit_1288,0.0
Bit_635,0.0
Bit_563,0.0
Bit_560,0.0
Bit_553,0.0
Bit_1398,0.0
Bit_1396,0.0
Bit_1395,0.0
Bit_1394,0.0
Bit_1393,0.0
Bit_1392,0.0
Bit_542,0.0
Bit_540,0.0
Bit_539,0.0
Bit_538,0.0
Bit_1346,0.0
Bit_1413,0.0
Bit_1409,0.0
Bit_1407,0.0
Bit_1406,0.0
Bit_1402,0.0
Bit_1400,0.0
Bit_566,0.0
Bit_520,0.0
Bit_1429,0.0
Bit_1428,0.0
Bit_1426,0.0
Bit_1425,0.0
Bit_1424,0.0
Bit_1419,0.0
Bit_536,0.0
Bit_1345,0.0
Bit_1343,0.0
Bit_1342,0.0
Bit_1340,0.0
Bit_578,0.0
Bit_577,0.0
Bit_573,0.0
Bit_569,0.0
Bit_568,0.0
Bit_1363,0.0
Bit_1359,0.0
Bit_1356,0.0
Bit_1355,0.0
Bit_564,0.0
Bit_1388,0.0
Bit_1383,0.0
Bit_1381,0.0
Bit_1379,0.0
Bit_1378,0.0
Bit_1376,0.0
Bit_1375,0.0
Bit_1374,0.0
Bit_1372,0.0
Bit_1371,0.0
Bit_1369,0.0
Bit_1367,0.0
Bit_582,0.0
Bit_565,0.0
Bit_1354,0.0
