Feature,Importance
logP,0.044302371172634386
Bit_1313,0.026164487444218024
Bit_381,0.025928642647223152
Bit_745,0.023591022663476693
HydrationFreeEnergy_FreeSolv,0.017345516777200618
Bit_1602,0.017090422182474863
Bit_378,0.01696920317028773
tpsa,0.015551584512187766
Solubility_AqSolDB,0.01496562892296861
molecular_weight,0.013064248083384791
hydrogen_bond_donors,0.012444645786374693
stereo_centers,0.010184353832565695
Bit_13,0.010050159152578338
hydrogen_bond_acceptors,0.010045230278740982
Bit_650,0.009491022197215569
Bit_1832,0.009195338811443493
Bit_31,0.008554113495164394
Bit_314,0.00797524728825541
Bit_1778,0.007512903625193768
Bit_1034,0.007411008453511258
Bit_2007,0.007310650090784026
Bit_1073,0.006873877101283116
Bit_1027,0.006857789269024452
Bit_1697,0.00665499258228633
Bit_533,0.006613480457111892
Bit_878,0.006467464311579399
Bit_25,0.006355735582437444
Bit_835,0.005904069057932166
Bit_926,0.005518778390554812
Bit_2033,0.005425138741982809
Bit_455,0.005384403054835879
Bit_1791,0.005344913451171268
Bit_119,0.005017641845351227
Bit_1712,0.004887818146706332
Bit_1308,0.004709821095096158
Bit_603,0.00469564256125471
Bit_322,0.0046736881142182335
Bit_1035,0.004434095515776675
Bit_504,0.004382382107401303
Bit_1233,0.004369258756972091
Bit_1998,0.004340565818369011
Bit_102,0.004308264293455915
Bit_1816,0.004074734573685279
Bit_1048,0.0040440793285189324
Bit_1917,0.004023557722964777
Bit_1422,0.003989217221391202
Bit_898,0.003944466067564357
Bit_1145,0.003926697142801952
Bit_416,0.003911455696488866
Bit_1783,0.0038965338925258694
Bit_1052,0.003841679931464599
Bit_162,0.0038198096250397274
Bit_116,0.0036478684439208817
Bit_1660,0.0036389637700943865
Bit_952,0.003614248210745029
Bit_1458,0.0035668397484397056
Bit_1745,0.003561267160094527
Bit_1480,0.0035241802994793055
Bit_787,0.003462055741498665
Bit_646,0.0033974092681782735
Bit_1028,0.0033144594397080747
Bit_1532,0.0033074463128155403
Bit_1452,0.0033051872771706773
Bit_1152,0.0032873625658147343
Bit_1443,0.003271942716535162
Bit_750,0.0032649376483279233
Bit_1019,0.0032012853100972316
Bit_718,0.003182931938748316
Bit_1815,0.0031139083013882133
Bit_1236,0.00309250401728047
Bit_656,0.0030805165061595532
Bit_875,0.003070160513696347
Bit_1256,0.0030127365151687634
Bit_1911,0.002989064619518681
Bit_1926,0.0029270596995965544
Bit_1385,0.002906494429722412
Bit_1855,0.0028820806909019307
Bit_1059,0.002881868966818909
Bit_341,0.0028454028707581348
Bit_804,0.002819927415612064
Bit_845,0.0028179238586508943
Bit_408,0.002808506672966176
Bit_675,0.002799610990057677
Bit_1160,0.002795171428992062
Bit_1114,0.002795062341206983
Bit_721,0.002768138382864764
Bit_1292,0.00276138661442787
Bit_680,0.002738196874500623
Bit_1309,0.002735577163204787
Bit_1279,0.002720912360460826
Bit_474,0.0026887235573202035
Bit_1094,0.002656903899529009
Bit_905,0.0026556454877522655
Bit_823,0.002633318920035992
Bit_1905,0.002631952603868576
Bit_486,0.0026203237741092137
Bit_949,0.002597358378284652
Bit_1928,0.0025727214281819886
Bit_1639,0.002550099945764686
Bit_9,0.002531853327510881
Bit_713,0.0025199408012558182
Bit_695,0.0024958202705799553
Bit_1941,0.0024660739564851563
Bit_903,0.0024627550996897075
Bit_1164,0.0024258357993402987
Bit_1803,0.00241697276788588
Bit_935,0.0024127179187529786
Bit_976,0.0024022880598924675
Bit_1768,0.0022836516281132912
Bit_294,0.00226951932447987
Bit_1564,0.002267309973629415
Bit_1482,0.002258821590633854
Bit_2,0.002237941536691693
Bit_147,0.0021677936147551386
Bit_734,0.002160851264692812
Bit_885,0.0021473466614704423
Bit_1097,0.0021223740295176798
Bit_1039,0.002112833699487803
Bit_896,0.002104045958418103
Bit_1951,0.002082313213159415
Bit_1427,0.0020605301897974955
Bit_978,0.0020256471617863914
Bit_1640,0.002024131787053939
Bit_694,0.0020068468522984628
Bit_1299,0.001998344704195593
Bit_145,0.0019973502164241513
Bit_1199,0.0019726886787415805
Bit_272,0.0019572629192880315
Bit_1088,0.0019473673147290256
Bit_352,0.001930856061556015
Bit_1136,0.0019172781051895094
Bit_114,0.0019170172250379245
Bit_622,0.0018841145466979758
Bit_1722,0.0018607999716870242
Bit_571,0.0018458842146815032
Bit_1477,0.0018428481708346312
Bit_1328,0.0018419759376814946
Bit_389,0.0018296789037925928
Bit_1072,0.0017846417243279743
Bit_1373,0.0017834713343143405
Bit_1645,0.0017807595974037355
Bit_1534,0.0017612887734253175
Bit_1325,0.0017458896654277856
Bit_1976,0.0017217968383726465
Bit_748,0.0017031631630241785
Bit_807,0.0016980063431375216
Bit_1607,0.0016976994508754212
Bit_96,0.0016884130741940191
Bit_1985,0.0016808591191572082
Bit_841,0.0016740980261050478
Bit_561,0.001664323295433591
Bit_80,0.0016556146920763618
Bit_222,0.0016409420106638674
Bit_1494,0.0016388008416482094
Bit_1257,0.0016290935980906303
Bit_1733,0.0016216714619028193
Bit_1775,0.001617819213243316
Bit_1750,0.0016038368408811067
Bit_1142,0.0015772942083715957
Bit_1959,0.0015767840018838975
Bit_970,0.0015668978321612867
Bit_519,0.0015521327408403592
Bit_1984,0.0015466746351861628
Bit_760,0.001541514726263127
Bit_1536,0.0015360656413813483
Bit_1357,0.0014591147319099902
Bit_473,0.0014393298704371829
Bit_1600,0.0014302372490612087
Bit_26,0.001401292717987621
Bit_699,0.001379914284835648
Bit_1162,0.001378695315189617
Bit_1092,0.001351646241959592
Bit_1060,0.001348385665775329
Bit_231,0.0013410406778707488
Bit_1326,0.001334662860680685
Bit_1057,0.001326454245165508
Bit_1391,0.0013233954531510785
Bit_105,0.001314156054784604
Bit_1314,0.0013025438539692835
Bit_562,0.001297505665148352
Bit_586,0.0012957564369379718
Bit_1453,0.0012940273781386874
Bit_551,0.001287509793448315
Bit_1476,0.0012777133158492194
Bit_1738,0.0012545585051090768
Bit_1239,0.0012493875933396862
Bit_1446,0.0012434236356311105
Bit_1993,0.0012264972520587619
Bit_1874,0.0012218469545735293
Bit_1747,0.0011982377594939603
Bit_54,0.0011950978677308993
Bit_876,0.0011749941644809726
Bit_2035,0.001167217303754275
Bit_728,0.0011194869175312463
Bit_52,0.001104794047119493
Bit_1604,0.0011019494118385989
Bit_1934,0.0010820601115825446
Bit_1538,0.0010788150999950325
Bit_1130,0.0010760189804292664
Bit_361,0.0010706701365711907
Bit_328,0.0010582062642839705
Bit_1582,0.0010514971282110824
Bit_739,0.0010344868950774638
Bit_1825,0.0010312951589500252
Bit_327,0.0010294608192888226
Bit_1980,0.001012276519032144
Bit_484,0.0010111632103695066
Bit_781,0.0010074083505298016
Bit_751,0.0010005422029690791
Bit_667,0.0009947313055256317
Bit_2000,0.0009747314393229536
Bit_1274,0.0009698016563276307
Bit_233,0.000968848336588282
Bit_59,0.0009597642638126529
Bit_252,0.00095759725620541
Bit_58,0.0009473882385190313
Bit_1648,0.0009467231913775305
Bit_1181,0.0009424740023474755
Bit_1420,0.0009256489532209396
Bit_1942,0.0009209921584347158
Bit_1754,0.0009145135184163207
Bit_1686,0.0009082348514391065
Bit_193,0.0008980720028107594
Bit_1659,0.0008809467611017621
Bit_477,0.0008679894730117248
Bit_1683,0.0008616382947939192
Bit_525,0.0008540065481329053
Bit_636,0.000845161924596458
Bit_289,0.0008446675407309169
Bit_350,0.0008434015032828
Bit_836,0.0008392860866802656
Bit_14,0.0008211996040675481
Bit_1,0.0008185524743308602
Bit_881,0.0008085982159118434
Bit_141,0.000807345234045867
Bit_255,0.0008050551941763053
Bit_704,0.0007999141612261092
Bit_206,0.0007984301889824702
Bit_736,0.000797753757950537
Bit_246,0.0007973544910940834
Bit_1417,0.0007906443333399358
Bit_203,0.0007820957841284847
Bit_167,0.0007754544845161349
Bit_1618,0.0007717037761904175
Bit_1573,0.0007693172801621752
Bit_1717,0.0007665840802322522
Bit_687,0.0007633859892201241
Bit_243,0.0007602590129596827
Bit_2043,0.0007591004303471914
Bit_1617,0.0007489034758499811
Bit_472,0.0007370988996720718
Bit_564,0.0007364064160118171
Bit_1171,0.0007241242205610627
Bit_1702,0.0007226863498557555
Bit_387,0.0007167901274435204
Bit_1840,0.0007166731661286626
Bit_1475,0.0007163347593945852
Bit_870,0.0007068901295921963
Bit_1298,0.0007037115294401573
Bit_1520,0.0007016997136103898
Bit_310,0.0006991426116322445
Bit_960,0.000699082928977493
Bit_579,0.0006864793424369034
Bit_1921,0.0006864324676733255
Bit_197,0.000684899851860818
Bit_652,0.000680059979821063
Bit_1770,0.0006696034416275008
Bit_1096,0.0006694184358448177
Bit_41,0.0006671405829676961
Bit_1817,0.0006651777798814333
Bit_522,0.0006617442348187694
Bit_333,0.0006612674457227056
Bit_143,0.0006602055575921023
Bit_335,0.0006562376951860107
Bit_343,0.0006549138545768722
Bit_1004,0.0006469539903784828
Bit_1688,0.0006393444749808127
Bit_911,0.0006373239232219559
Bit_191,0.0006346668049135701
Bit_1000,0.000633135172522139
Bit_973,0.000632943195771694
Bit_932,0.0006290612917769714
Bit_1322,0.0006168063723429053
Bit_1445,0.0006137817431227225
Bit_392,0.0006131922481804777
Bit_354,0.0006114279773277345
Bit_1394,0.0006051923918149064
Bit_1528,0.0005958472951977834
Bit_1594,0.0005881381620802019
Bit_801,0.0005864476628128138
Bit_1567,0.0005757411686059911
Bit_1808,0.0005745272324466646
Bit_283,0.0005722134701498913
Bit_1972,0.0005694444400546909
Bit_1839,0.0005673649757377769
Bit_38,0.0005653096190617488
Bit_693,0.0005558731969229103
Bit_624,0.0005499754907219397
Bit_202,0.0005476045657698714
Bit_806,0.0005456366160271956
Bit_802,0.0005455548166469693
Bit_529,0.0005429829208476731
Bit_1695,0.0005397292923254444
Bit_1696,0.0005346766067348646
Bit_1066,0.0005329466465043458
Bit_1163,0.0005328895798068949
Bit_1970,0.0005226838958722036
Bit_1811,0.0005210444442660805
Bit_1468,0.0005190217683819782
Bit_1179,0.0005177466614136809
Bit_1267,0.0005126436009276627
Bit_1295,0.0005110954462322681
Bit_794,0.0005083427087055204
Bit_45,0.0005081331625267814
Bit_1619,0.0005079638616036997
Bit_1956,0.0005073471220491206
Bit_589,0.0005062417650973424
Bit_1665,0.0005054495904913555
Bit_394,0.0005052873470734647
Bit_286,0.0005031294400790344
Bit_1401,0.0005001263788807044
Bit_1087,0.0004979495052999802
Bit_1064,0.0004973268036274227
Bit_1915,0.0004944718927404038
Bit_1737,0.0004906190982491629
Bit_1589,0.0004903836339360964
Bit_961,0.0004900039583853169
Bit_1506,0.0004846464466756516
Bit_1988,0.00048120373374155724
Bit_852,0.0004792353415892636
Bit_1017,0.0004717282264075815
Bit_1143,0.000470350943201989
Bit_1923,0.0004694400720044178
Bit_940,0.00046388239659467565
Bit_826,0.0004625575006818984
Bit_644,0.0004610106446444354
Bit_407,0.0004584757210301823
Bit_249,0.0004569770151957685
Bit_590,0.00045268702633709506
Bit_406,0.00045257563030123865
Bit_2018,0.0004476210524027785
Bit_854,0.0004447115797643683
Bit_715,0.00044269380899707134
Bit_302,0.00044102738918274726
Bit_1108,0.0004396612645607452
Bit_1508,0.0004357435542416143
Bit_771,0.0004335844671925485
Bit_1595,0.00043115917414606326
Bit_497,0.00042967960012804744
Bit_1714,0.00042799804742256736
Bit_1410,0.00042753157541180044
Bit_1866,0.00042745147624965047
Bit_1908,0.00042505858399861495
Bit_1518,0.000422075915339666
Bit_1070,0.0004168929158432263
Bit_1781,0.000415361114112132
Bit_1718,0.00041357695303652304
Bit_1765,0.0004125395008126809
Bit_537,0.00040709585945017634
Bit_305,0.0004067887807790562
Bit_747,0.00040501219390405737
Bit_980,0.0004049879427418215
Bit_843,0.0004046156032492241
Bit_981,0.0004030411890835821
Bit_1405,0.0004004626125665142
Bit_319,0.00039971170473601235
Bit_738,0.0003978893812854362
Bit_965,0.00039648187905744393
Bit_1047,0.00039302918723889516
Bit_1939,0.00039192000987301384
Bit_711,0.0003918771798234124
Bit_1265,0.00039166263688738005
Bit_809,0.0003914651228542126
Bit_1592,0.0003896919554781117
Bit_984,0.00038953370132352157
Bit_1522,0.0003894445099175636
Bit_1093,0.0003838006791437984
Bit_1447,0.00038227063393589806
Bit_2004,0.0003820040362053429
Bit_592,0.0003809265415852982
Bit_351,0.000380299575244883
Bit_2034,0.0003802905310410838
Bit_621,0.0003748588755930245
Bit_1457,0.0003733344386016859
Bit_2044,0.00037332954056817295
Bit_2021,0.0003732119591372659
Bit_1631,0.0003677504858599642
Bit_109,0.00036721769847573144
Bit_1991,0.00036471409104387673
Bit_1670,0.00036400148478299584
Bit_1221,0.00036342939338914306
Bit_1364,0.0003623631002942265
Bit_937,0.0003613258044028781
Bit_1384,0.0003604504068303373
Bit_1693,0.00036026974471699947
Bit_490,0.0003589163714355204
Bit_2009,0.0003574716665809099
Bit_1734,0.00035611200125842425
Bit_837,0.0003557824494185738
Bit_1368,0.0003541164334646328
Bit_597,0.0003527869996555811
Bit_514,0.00035237526225990535
Bit_783,0.0003438236087600625
Bit_598,0.00034288966347303457
Bit_552,0.00034226945091822797
Bit_674,0.00034195657916555805
Bit_323,0.00033725546388112585
Bit_1240,0.00033573750794178695
Bit_832,0.0003318967256122744
Bit_133,0.0003318845083463243
Bit_118,0.00033101024125167154
Bit_591,0.0003289657056617909
Bit_977,0.0003266906192358186
Bit_106,0.00032576742725557296
Bit_1061,0.00032555580232174306
Bit_1001,0.0003246759593010392
Bit_190,0.0003224322155288991
Bit_259,0.00031949085301655796
Bit_1260,0.00031929957241718526
Bit_144,0.000317546805995061
Bit_253,0.00031667368281675557
Bit_526,0.0003158565200084133
Bit_216,0.0003151724402398198
Bit_1349,0.0003147647899736547
Bit_1231,0.0003146807129606543
Bit_213,0.0003131170911971997
Bit_94,0.00030661958684739354
Bit_438,0.0003064994019275489
Bit_97,0.0003040329735702974
Bit_567,0.0003022755221361907
Bit_1411,0.0003021084114056194
Bit_1243,0.00029811679561110734
Bit_1793,0.0002956045211124452
Bit_1603,0.00029547162287347595
Bit_510,0.00029293865700272633
Bit_84,0.0002924702298253295
Bit_1504,0.00029129141881899045
Bit_1849,0.0002909292640093733
Bit_1876,0.00028981205475181254
Bit_1262,0.0002841566239615489
Bit_1535,0.0002839933708510041
Bit_29,0.00028363015843483144
Bit_864,0.0002828102910992727
Bit_1077,0.0002790247292716948
Bit_1185,0.00027662093652092867
Bit_1922,0.0002760524843976084
Bit_1634,0.0002741690299484001
Bit_1157,0.00027363917196646483
Bit_1063,0.00027288086946233376
Bit_74,0.0002719588903718515
Bit_628,0.00026928739712634114
Bit_1847,0.00026633424627353007
Bit_521,0.00026517243117043203
Bit_945,0.00026490553272100556
Bit_725,0.000264352991346662
Bit_795,0.0002587508482929901
Bit_99,0.0002581260809073377
Bit_1435,0.0002571047866634978
Bit_1537,0.00025589699225021405
Bit_1352,0.00025551614495030643
Bit_248,0.000255484273353932
Bit_155,0.00025544909056350845
Bit_1294,0.00025519749539640654
Bit_1996,0.00025472389796242197
Bit_853,0.0002541818937888958
Bit_950,0.00025412288695443683
Bit_816,0.00025345060666566715
Bit_942,0.0002525104102055092
Bit_67,0.00025174383623068964
Bit_987,0.00025169664342319193
Bit_95,0.00025056795422711116
Bit_1158,0.0002497809094844791
Bit_879,0.00024963736657245597
Bit_1430,0.0002493281243766575
Bit_1831,0.0002486275336824705
Bit_384,0.00024683466046838433
Bit_83,0.0002446127434678945
Bit_281,0.00024241745205942058
Bit_838,0.00024221679025624655
Bit_1964,0.00024125142610462776
Bit_1421,0.00024115749851691344
Bit_1009,0.00023993802873279694
Bit_60,0.000239275405323377
Bit_1799,0.0002378511676717631
Bit_192,0.00023710309307859275
Bit_401,0.00023385716022668966
Bit_1249,0.00023363171916649566
Bit_325,0.0002332356609999526
Bit_753,0.0002323313718521274
Bit_790,0.00023177488246054078
Bit_456,0.00023114649064355064
Bit_140,0.00023112167522321977
Bit_1900,0.00023083446425216318
Bit_1487,0.00022799767728583995
Bit_383,0.000226772438454547
Bit_828,0.0002263630600083247
Bit_1148,0.00022630514125371591
Bit_997,0.00022608823232341162
Bit_532,0.000225628336745202
Bit_640,0.00022542539406258204
Bit_1701,0.00022476951414428099
Bit_1150,0.0002238848004315518
Bit_362,0.000223440274202764
Bit_108,0.00022276726524451143
Bit_1884,0.00022232860151697814
Bit_135,0.00022219214747524753
Bit_743,0.0002215549422456227
Bit_1154,0.00022132157315903753
Bit_1455,0.00022114138514729416
Bit_1946,0.00022033748239773886
Bit_581,0.0002202724069597523
Bit_1058,0.0002195670602504873
Bit_1647,0.0002187562828400079
Bit_967,0.000218574210692362
Bit_28,0.00021688766435299183
Bit_465,0.00021670943460308381
Bit_138,0.00021640458029132027
Bit_609,0.0002159387280464815
Bit_86,0.00021572277010791294
Bit_1463,0.00021535018564755365
Bit_242,0.00021372242908880245
Bit_396,0.0002125601199148323
Bit_235,0.0002117713401943303
Bit_1312,0.00021134883467967307
Bit_457,0.0002105657856755723
Bit_1684,0.00020996428647988618
Bit_869,0.0002063942226976739
Bit_11,0.00020612973937875504
Bit_2017,0.00020537729981154996
Bit_292,0.0002049472137580048
Bit_1195,0.00020351492708811864
Bit_1960,0.00020347977827274368
Bit_1025,0.0002034487229496794
Bit_464,0.00020338522522069368
Bit_611,0.0002027155714508993
Bit_1854,0.0002013821386019974
Bit_1623,0.00020136942455867713
Bit_888,0.00020071745819523866
Bit_1307,0.0002007039346333531
Bit_1649,0.0001998873901697162
Bit_1760,0.00019855105346585115
Bit_1254,0.0001974398540732361
Bit_556,0.00019714048447825482
Bit_1284,0.0001969264132894132
Bit_293,0.00019597177688808403
Bit_996,0.00019523078661178164
Bit_548,0.0001945490548508793
Bit_779,0.00019437937119960654
Bit_1973,0.00019409260618612485
Bit_1721,0.00019375221567966044
Bit_1511,0.00019237026262113388
Bit_1982,0.00019219859088716898
Bit_1920,0.0001892735304588045
Bit_1238,0.0001885663090595775
Bit_157,0.00018727402325476367
Bit_1948,0.00018703954294703833
Bit_1654,0.00018672933754911795
Bit_303,0.00018654931642598193
Bit_775,0.00018597877175493405
Bit_1493,0.00018530686152921095
Bit_629,0.00018435162154126805
Bit_66,0.00018390113186983684
Bit_1327,0.00018148841163383175
Bit_1049,0.00018147022778674903
Bit_366,0.0001809780862179033
Bit_1466,0.0001801494342236666
Bit_1033,0.00017962627815459447
Bit_759,0.00017915027131543498
Bit_1324,0.0001784586699783702
Bit_1386,0.0001783958176901135
Bit_1147,0.00017831390906178837
Bit_831,0.00017806976241800332
Bit_1334,0.00017730971037773762
Bit_364,0.00017706336441676167
Bit_983,0.00017635709804381705
Bit_1329,0.00017425309577590858
Bit_1282,0.00017331955357118746
Bit_92,0.0001731151217815602
Bit_1724,0.0001728445261556137
Bit_487,0.00017264126995626675
Bit_76,0.00017252262088189444
Bit_1762,0.00017197747502710117
Bit_488,0.0001719262543214609
Bit_117,0.00017184638153245048
Bit_523,0.00017151824760840297
Bit_1110,0.00017046993193824592
Bit_735,0.00017015679138055403
Bit_198,0.00016950809550660346
Bit_557,0.00016917997138734872
Bit_1120,0.00016866726207880324
Bit_1997,0.00016862111269361324
Bit_1823,0.0001683789135584076
Bit_909,0.00016751648140078397
Bit_1962,0.00016710628164483748
Bit_295,0.0001668525307957239
Bit_121,0.000166325896865721
Bit_1351,0.0001651606209046638
Bit_1287,0.00016449872384251269
Bit_1296,0.00016362674916745187
Bit_1273,0.0001635378937917405
Bit_1366,0.0001634498396107064
Bit_627,0.00016317256306074446
Bit_251,0.000161979644933519
Bit_1285,0.0001615283211338535
Bit_1128,0.00016147492117448152
Bit_334,0.00016125109305309177
Bit_555,0.0001609111415311579
Bit_1810,0.00016044249400599045
Bit_947,0.00016019239493270113
Bit_1131,0.00015973537695908825
Bit_1440,0.00015929349070340875
Bit_1663,0.00015895994352268123
Bit_1101,0.00015829354513099725
Bit_100,0.00015810012278686872
Bit_717,0.00015739090391885368
Bit_535,0.00015731748607478724
Bit_1509,0.0001571333470583485
Bit_1801,0.00015692770001360279
Bit_508,0.00015650111857026894
Bit_720,0.00015640148946294665
Bit_1501,0.0001553181143054575
Bit_1957,0.00015525149534346115
Bit_654,0.00015306741772443965
Bit_205,0.00015302773806330125
Bit_684,0.00015301962759300966
Bit_403,0.00015297573088962992
Bit_208,0.0001525812401973743
Bit_1449,0.00015249917514472094
Bit_661,0.00015243149652393725
Bit_441,0.0001523430406597438
Bit_895,0.00015052584158494064
Bit_1489,0.00015052469296702046
Bit_1436,0.00015041985832145037
Bit_1681,0.00014906508611658902
Bit_226,0.0001484027574758495
Bit_146,0.00014834003421057297
Bit_241,0.000147805491061166
Bit_1708,0.00014746583542981688
Bit_921,0.0001474187398670231
Bit_766,0.00014621060857905027
Bit_1755,0.00014579275008779039
Bit_821,0.00014425057991018238
Bit_1912,0.0001435290620105017
Bit_1024,0.0001424243973207438
Bit_863,0.0001423608517266736
Bit_280,0.00014067045233653842
Bit_1167,0.00014057108193898525
Bit_988,0.00014045510799752788
Bit_1597,0.00013982497795037499
Bit_479,0.000139404323383061
Bit_906,0.0001393228580903894
Bit_1507,0.00013921625254420156
Bit_345,0.00013901918229462034
Bit_1043,0.00013851398656319823
Bit_594,0.00013838808382384126
Bit_623,0.000138173715359183
Bit_2022,0.00013692954168771987
Bit_648,0.00013313611124175955
Bit_1790,0.0001330825917041256
Bit_1694,0.0001328922745939277
Bit_1888,0.00013267116475353322
Bit_1433,0.0001322534247364925
Bit_1106,0.00013210635159707402
Bit_1620,0.0001320460555228902
Bit_1281,0.00013071828539333369
Bit_1844,0.00013007338703337334
Bit_431,0.00012978123052576095
Bit_1444,0.00012969912604518394
Bit_1609,0.0001296443609138474
Bit_385,0.00012942397128349844
Bit_50,0.00012940679534599676
Bit_899,0.00012929780340324056
Bit_2012,0.0001288542983531808
Bit_689,0.00012826370187334088
Bit_916,0.00012786032803435916
Bit_883,0.00012774087073194715
Bit_180,0.000127405917139144
Bit_1575,0.00012700869924615383
Bit_1388,0.00012688188005094363
Bit_850,0.00012685159045681052
Bit_726,0.00012630671744457748
Bit_1382,0.00012626777754920368
Bit_65,0.00012615053330629488
Bit_1451,0.00012556602847218855
Bit_1176,0.00012539575968435846
Bit_301,0.0001252583875974445
Bit_43,0.0001252252140047992
Bit_653,0.0001250841931977505
Bit_679,0.00012507926333398328
Bit_1200,0.00012470747370916315
Bit_677,0.00012401926013539544
Bit_1881,0.00012360693765368165
Bit_1897,0.00012345314497601675
Bit_774,0.00012296644295163405
Bit_296,0.0001227418076406483
Bit_1736,0.00012239293228567783
Bit_1205,0.00012217144692045528
Bit_1530,0.00012162936882728197
Bit_1691,0.00012154400574690118
Bit_115,0.00012140164992689129
Bit_1151,0.00011987333855608307
Bit_1872,0.00011928784723424404
Bit_1864,0.0001191372315438717
Bit_1992,0.00011897363139709723
Bit_1769,0.00011884900651529217
Bit_1318,0.0001187553144247913
Bit_1168,0.00011836792419902124
Bit_1210,0.00011793437821824147
Bit_690,0.00011715594299670133
Bit_824,0.00011699944540772872
Bit_847,0.00011697419908713146
Bit_184,0.00011623492383118317
Bit_218,0.00011588380202629741
Bit_1729,0.00011586640197557704
Bit_89,0.0001156193072958291
Bit_1206,0.0001155557925760682
Bit_1795,0.00011554270700457094
Bit_1258,0.00011496129573290397
Bit_1280,0.00011489756671412197
Bit_1999,0.00011481649351344462
Bit_1212,0.00011479156534779442
Bit_42,0.00011473767706345707
Bit_2027,0.00011441658565070344
Bit_859,0.00011406320837098832
Bit_391,0.00011399836744983705
Bit_122,0.0001138044425341275
Bit_1500,0.00011374950655225584
Bit_559,0.00011369613375673166
Bit_1013,0.00011241073944808355
Bit_1104,0.00011226840975032857
Bit_1360,0.00011128846454388186
Bit_813,0.00011112060489493645
Bit_1347,0.00011109029607363575
Bit_744,0.00011092357883962582
Bit_1118,0.00011074353119978977
Bit_676,0.00011061589083643653
Bit_1237,0.00010971408021978459
Bit_1539,0.00010921137870334696
Bit_1833,0.00010917026155441917
Bit_1089,0.00010869470036415553
Bit_688,0.0001081748261777449
Bit_602,0.00010815885485927384
Bit_1099,0.0001075104633468748
Bit_1773,0.00010674709884400015
Bit_1614,0.00010575320001567765
Bit_1414,0.00010557161313635847
Bit_63,0.00010543039365102553
Bit_848,0.00010524112239184585
Bit_153,0.0001050784544285815
Bit_1761,0.00010500600729210835
Bit_1149,0.00010484679917626
Bit_803,0.0001046392101316982
Bit_583,0.00010455513815751718
Bit_412,0.00010392917231607817
Bit_724,0.00010365705812249784
Bit_994,0.00010361242696626323
Bit_893,0.00010353427771176534
Bit_1653,0.00010345054470104021
Bit_1113,0.00010344795499991898
Bit_723,0.00010344184921450534
Bit_1224,0.00010308319923348701
Bit_103,0.0001028589021517241
Bit_1316,0.00010224415423678753
Bit_2041,0.000102163633597354
Bit_1852,0.00010203490462225717
Bit_1222,0.00010162798317996043
Bit_282,0.00010126828425457339
Bit_507,0.00010080625016121718
Bit_219,0.00010060852044510937
Bit_176,0.00010048627054248319
Bit_784,0.00010040147332480847
Bit_1692,0.00010029499086384742
Bit_448,0.00010027008995253442
Bit_1461,0.00010006843489667915
Bit_304,9.993078945558222e-05
Bit_300,9.929406579367218e-05
Bit_1954,9.905465544919666e-05
Bit_1165,9.903208402746758e-05
Bit_1409,9.877209869708754e-05
Bit_1255,9.860210633293581e-05
Bit_1971,9.732449085545027e-05
Bit_461,9.697691837846913e-05
Bit_1704,9.679038081106919e-05
Bit_1709,9.636055278024277e-05
Bit_491,9.610405632566915e-05
Bit_1264,9.509995414591395e-05
Bit_574,9.502172518896084e-05
Bit_373,9.492481388629662e-05
Bit_979,9.488715390431497e-05
Bit_1140,9.4760063073446e-05
Bit_1045,9.446907877128865e-05
Bit_284,9.423283810207175e-05
Bit_496,9.419626668319686e-05
Bit_1389,9.397555317342004e-05
Bit_1548,9.397430491435217e-05
Bit_862,9.396621718998354e-05
Bit_1950,9.394469830522587e-05
Bit_1486,9.390423485008865e-05
Bit_1629,9.353335730678086e-05
Bit_1008,9.318852200721399e-05
Bit_1630,9.309589881575025e-05
Bit_531,9.291093395879073e-05
Bit_1367,9.255114190112295e-05
Bit_1666,9.235284808609637e-05
Bit_930,9.219390877840164e-05
Bit_1551,9.218690452706576e-05
Bit_471,9.210405867746596e-05
Bit_819,9.166699213587385e-05
Bit_428,9.154196284176705e-05
Bit_1479,9.093389561076409e-05
Bit_1700,9.03970732310811e-05
Bit_1397,8.971844384063094e-05
Bit_415,8.97033810779881e-05
Bit_107,8.957358514711397e-05
Bit_649,8.908605238456098e-05
Bit_446,8.888989171543962e-05
Bit_266,8.810336937958709e-05
Bit_918,8.784533117242788e-05
Bit_733,8.784385891070592e-05
Bit_1521,8.752201857938782e-05
Bit_1935,8.725190946523075e-05
Bit_1637,8.667023621954338e-05
Bit_1804,8.589030943454676e-05
Bit_1814,8.585636879570745e-05
Bit_435,8.579275983177639e-05
Bit_1542,8.5767140315798e-05
Bit_1963,8.566804329700828e-05
Bit_692,8.56042109733968e-05
Bit_596,8.552014190862922e-05
Bit_974,8.489696567775447e-05
Bit_278,8.459959791494845e-05
Bit_469,8.389259494709828e-05
Bit_545,8.348750860061962e-05
Bit_188,8.330465264818855e-05
Bit_1652,8.261042307265602e-05
Bit_2028,8.254205158408098e-05
Bit_810,8.239585104057987e-05
Bit_575,8.216561290056523e-05
Bit_796,8.201665980845562e-05
Bit_34,8.188631141714176e-05
Bit_1858,8.1771366669272e-05
Bit_618,8.159346013004881e-05
Bit_104,8.156200748369907e-05
Bit_57,8.087902232191996e-05
Bit_1557,8.080948827102403e-05
Bit_1771,8.045885356491128e-05
Bit_585,8.023446483205261e-05
Bit_890,8.00649975377822e-05
Bit_360,7.929787142087736e-05
Bit_584,7.892078075431092e-05
Bit_915,7.81552890999481e-05
Bit_1752,7.77266549666328e-05
Bit_1317,7.758992327548707e-05
Bit_865,7.704038450517722e-05
Bit_554,7.697910324422424e-05
Bit_769,7.693657460267322e-05
Bit_547,7.671304397351151e-05
Bit_1953,7.657913553457587e-05
Bit_1572,7.596655635701823e-05
Bit_1441,7.589460720901986e-05
Bit_1499,7.583970214210497e-05
Bit_1529,7.556231296322453e-05
Bit_1641,7.555367071747405e-05
Bit_1365,7.539547406421696e-05
Bit_1042,7.511773069153365e-05
Bit_1379,7.50720580586629e-05
Bit_1512,7.505406866087671e-05
Bit_1085,7.501373338268673e-05
Bit_1546,7.486580835748998e-05
Bit_1517,7.475817496596606e-05
Bit_170,7.463940587873789e-05
Bit_1846,7.445220164958968e-05
Bit_563,7.418163924896802e-05
Bit_277,7.39566530666677e-05
Bit_1978,7.384980681747376e-05
Bit_1636,7.347431754975066e-05
Bit_1871,7.328202382040604e-05
Bit_1081,7.321644518848305e-05
Bit_174,7.303527452500578e-05
Bit_1552,7.294638277799209e-05
Bit_1513,7.247508576898874e-05
Bit_1961,7.12733423615152e-05
Bit_1377,7.125698331848791e-05
Bit_1588,7.122284845807485e-05
Bit_933,7.119716276489506e-05
Bit_1393,7.103530685580602e-05
Bit_2016,7.098758979421687e-05
Bit_340,7.076310529233781e-05
Bit_2001,7.063834796532529e-05
Bit_2040,7.062313084898863e-05
Bit_1809,7.05692255410924e-05
Bit_139,7.048543820242897e-05
Bit_686,7.028912810969479e-05
Bit_1918,7.011371968198707e-05
Bit_227,6.991820482100521e-05
Bit_1919,6.972060252645321e-05
Bit_1924,6.9703982065586e-05
Bit_1412,6.955960679890191e-05
Bit_81,6.938007790091032e-05
Bit_1800,6.892613450369319e-05
Bit_317,6.884100960409335e-05
Bit_201,6.876489213806149e-05
Bit_1261,6.86842520729289e-05
Bit_273,6.859536467231471e-05
Bit_16,6.839799398152555e-05
Bit_2047,6.834092850693785e-05
Bit_678,6.825864309424779e-05
Bit_941,6.802000962671868e-05
Bit_1646,6.801251175208098e-05
Bit_931,6.798661433529261e-05
Bit_1053,6.746177454097213e-05
Bit_207,6.735290214815562e-05
Bit_1503,6.726747030278824e-05
Bit_595,6.705688098570312e-05
Bit_894,6.695744259541338e-05
Bit_1977,6.682327618705715e-05
Bit_966,6.655285376861669e-05
Bit_1706,6.620735848718762e-05
Bit_1056,6.60758030175279e-05
Bit_2038,6.586488998974778e-05
Bit_1827,6.584118385340595e-05
Bit_1756,6.584008876618729e-05
Bit_502,6.572391972378703e-05
Bit_642,6.563327136216526e-05
Bit_481,6.530705896779274e-05
Bit_482,6.526152122693618e-05
Bit_754,6.425376872433741e-05
Bit_1046,6.396085612125596e-05
Bit_608,6.387183458104374e-05
Bit_892,6.360525702452703e-05
Bit_186,6.359087352315623e-05
Bit_165,6.35165067448475e-05
Bit_1715,6.340501992218245e-05
Bit_1387,6.334560056456836e-05
Bit_1241,6.33068145656715e-05
Bit_56,6.328814982053442e-05
Bit_70,6.328204437757004e-05
Bit_1438,6.301171539803978e-05
Bit_798,6.297895220010565e-05
Bit_901,6.29221471940451e-05
Bit_1561,6.27365713561928e-05
Bit_573,6.269343046746993e-05
Bit_1415,6.217018625846381e-05
Bit_767,6.1954297328894e-05
Bit_815,6.190069349324722e-05
Bit_1353,6.179028301680044e-05
Bit_1187,6.175967265260021e-05
Bit_1291,6.150299996962197e-05
Bit_963,6.135563822816902e-05
Bit_1642,6.126853642904075e-05
Bit_130,6.10721697271125e-05
Bit_1345,6.0889912878501184e-05
Bit_1853,6.082271832586489e-05
Bit_1505,6.05587431310002e-05
Bit_237,6.044131904204069e-05
Bit_1749,5.961989047652147e-05
Bit_908,5.939685008338251e-05
Bit_714,5.919732201898143e-05
Bit_1126,5.90857360460421e-05
Bit_666,5.908558025973104e-05
Bit_8,5.898331854477913e-05
Bit_1003,5.872375154710266e-05
Bit_1824,5.866613400827687e-05
Bit_520,5.8603717826560265e-05
Bit_1910,5.8598037655174725e-05
Bit_1083,5.842690143088135e-05
Bit_762,5.8374030162529654e-05
Bit_1492,5.803907580612728e-05
Bit_2046,5.7643059691310316e-05
Bit_543,5.7495477032496374e-05
Bit_1275,5.738989384461715e-05
Bit_1731,5.719610461850156e-05
Bit_1175,5.717482687119634e-05
Bit_1400,5.708533730410701e-05
Bit_1668,5.68063420619826e-05
Bit_867,5.6577809967514565e-05
Bit_437,5.6169557125616586e-05
Bit_849,5.5429696091674455e-05
Bit_599,5.5323454852326585e-05
Bit_239,5.521042151428304e-05
Bit_1862,5.5147961087372534e-05
Bit_346,5.485306170473365e-05
Bit_651,5.4523950535578565e-05
Bit_217,5.427285889015464e-05
Bit_1456,5.424901577817068e-05
Bit_758,5.4183262640399866e-05
Bit_1153,5.396332863705781e-05
Bit_1569,5.3894210534867734e-05
Bit_1759,5.335818218914271e-05
Bit_85,5.335241440682465e-05
Bit_1464,5.333955959383091e-05
Bit_1554,5.3101613477743166e-05
Bit_1516,5.270442606408155e-05
Bit_313,5.2469857692892256e-05
Bit_452,5.243938582069902e-05
Bit_1616,5.203873671308919e-05
Bit_1270,5.19254056848754e-05
Bit_536,5.190811073382509e-05
Bit_312,5.185014190190324e-05
Bit_509,5.1600790080943344e-05
Bit_820,5.155351402324792e-05
Bit_632,5.12681661554255e-05
Bit_1169,5.114606975289288e-05
Bit_250,5.1010274181767664e-05
Bit_1909,5.087411653220284e-05
Bit_51,5.078083100211385e-05
Bit_2020,5.0757285087288204e-05
Bit_643,5.055997332317018e-05
Bit_7,5.050657534212208e-05
Bit_131,5.0218336537647426e-05
Bit_625,5.015273299757253e-05
Bit_1943,5.003408391682176e-05
Bit_955,4.974805395367726e-05
Bit_1074,4.928649825757099e-05
Bit_797,4.910598742573182e-05
Bit_637,4.9081359023345626e-05
Bit_37,4.8740624924956175e-05
Bit_1173,4.865026204364587e-05
Bit_1555,4.8628696420645255e-05
Bit_1705,4.838615436836943e-05
Bit_1491,4.8265513170523646e-05
Bit_577,4.810210096067162e-05
Bit_778,4.797404586094289e-05
Bit_1553,4.754878274538564e-05
Bit_318,4.707030007553262e-05
Bit_414,4.676061674842292e-05
Bit_1301,4.673551244141574e-05
Bit_355,4.65803139330935e-05
Bit_62,4.655906820014023e-05
Bit_811,4.6437266870355366e-05
Bit_168,4.616297283135904e-05
Bit_1679,4.6144972611332975e-05
Bit_943,4.58951073152002e-05
Bit_2045,4.584732246310676e-05
Bit_1208,4.5747216412490766e-05
Bit_5,4.539235473099717e-05
Bit_1673,4.490266487021713e-05
Bit_419,4.490245471224898e-05
Bit_1932,4.481564279348797e-05
Bit_245,4.479623333867066e-05
Bit_1419,4.474972809706326e-05
Bit_812,4.45414518557018e-05
Bit_79,4.446792219008627e-05
Bit_1544,4.4462487421920956e-05
Bit_913,4.429089723080247e-05
Bit_613,4.428172589982476e-05
Bit_1454,4.4142939164006775e-05
Bit_1605,4.411343349619614e-05
Bit_1949,4.409192645559778e-05
Bit_1484,4.403666103254043e-05
Bit_982,4.3950211624887926e-05
Bit_1011,4.392041409478864e-05
Bit_858,4.391354188657727e-05
Bit_884,4.378943550532556e-05
Bit_834,4.37548070164705e-05
Bit_827,4.365228174611061e-05
Bit_528,4.3513028131372484e-05
Bit_257,4.3357391435389194e-05
Bit_402,4.3122115904958243e-05
Bit_220,4.311736662477354e-05
Bit_1116,4.29150113673712e-05
Bit_910,4.285470028266165e-05
Bit_991,4.2491165294991735e-05
Bit_1655,4.244127380729529e-05
Bit_1726,4.2408077645533975e-05
Bit_1863,4.234955782734978e-05
Bit_36,4.200601239321912e-05
Bit_1245,4.196037184978574e-05
Bit_27,4.1834048439394266e-05
Bit_425,4.1758591205019025e-05
Bit_972,4.171611332188317e-05
Bit_558,4.1624055923132695e-05
Bit_330,4.147723047715717e-05
Bit_149,4.1285539542990745e-05
Bit_1186,4.121041678458961e-05
Bit_527,4.120360102568798e-05
Bit_380,4.111360238428747e-05
Bit_1929,4.075939604914244e-05
Bit_606,4.068498538093083e-05
Bit_1448,4.0293368057369266e-05
Bit_1657,4.022365284056913e-05
Bit_1283,3.992639075588802e-05
Bit_1812,3.9752148125923936e-05
Bit_1599,3.975151167072596e-05
Bit_1290,3.971004478674654e-05
Bit_365,3.953926519363596e-05
Bit_1838,3.942237264695677e-05
Bit_912,3.9335889830395906e-05
Bit_927,3.897753175244045e-05
Bit_619,3.8948414216630594e-05
Bit_944,3.888918603223157e-05
Bit_166,3.885117685710747e-05
Bit_440,3.8710465788408664e-05
Bit_160,3.849454665311839e-05
Bit_159,3.8134422324447655e-05
Bit_1730,3.800689517451725e-05
Bit_691,3.791470926379911e-05
Bit_1628,3.77529288427444e-05
Bit_297,3.754428683011786e-05
Bit_1434,3.752677537204828e-05
Bit_780,3.725175620648614e-05
Bit_1201,3.713278159178598e-05
Bit_110,3.7095772304565856e-05
Bit_1336,3.695128718469301e-05
Bit_1269,3.6916643917637456e-05
Bit_1777,3.689067953860081e-05
Bit_1232,3.688653419636226e-05
Bit_2011,3.68116489154368e-05
Bit_409,3.681018003022171e-05
Bit_1531,3.662442663463118e-05
Bit_671,3.656628362373034e-05
Bit_1041,3.651208931914241e-05
Bit_427,3.6474661457856854e-05
Bit_861,3.633587162968982e-05
Bit_887,3.6308616256796446e-05
Bit_1835,3.623357412697963e-05
Bit_93,3.6224739543843635e-05
Bit_88,3.6133260545204174e-05
Bit_1244,3.6053584254113624e-05
Bit_1038,3.5889043824382736e-05
Bit_929,3.5725264383119524e-05
Bit_1086,3.553455226407463e-05
Bit_1263,3.525091578405858e-05
Bit_1543,3.519281814767384e-05
Bit_968,3.512448786180908e-05
Bit_1986,3.507287359033361e-05
Bit_1651,3.4974505649385814e-05
Bit_1671,3.455449457067506e-05
Bit_338,3.430484894296094e-05
Bit_772,3.430043654237424e-05
Bit_1837,3.420329947341281e-05
Bit_1190,3.420314192456753e-05
Bit_1570,3.416062123058286e-05
Bit_288,3.402761037906858e-05
Bit_463,3.393881930270359e-05
Bit_1297,3.3766786986080275e-05
Bit_839,3.368379932140808e-05
Bit_475,3.366804075352047e-05
Bit_1944,3.3579721164519295e-05
Bit_1432,3.349765651512382e-05
Bit_953,3.347220248986378e-05
Bit_740,3.341993998351136e-05
Bit_703,3.3325020116112074e-05
Bit_825,3.308423655334259e-05
Bit_1524,3.29982280519582e-05
Bit_582,3.2969872232190665e-05
Bit_919,3.288625719481602e-05
Bit_800,3.2726645082858636e-05
Bit_793,3.262908051478881e-05
Bit_638,3.2584431378074664e-05
Bit_1481,3.257941683204872e-05
Bit_975,3.257703266396023e-05
Bit_480,3.2503959807553684e-05
Bit_348,3.230150385024725e-05
Bit_395,3.197334711516703e-05
Bit_247,3.191910177559796e-05
Bit_993,3.183055902716152e-05
Bit_1356,3.1812782725413245e-05
Bit_1658,3.1774593041955236e-05
Bit_489,3.162191704619558e-05
Bit_1460,3.146993507773717e-05
Bit_709,3.134243792110686e-05
Bit_1156,3.114812970463212e-05
Bit_382,3.109754880950515e-05
Bit_1925,3.09500920825525e-05
Bit_1358,3.0911298276679387e-05
Bit_615,3.0858281964150536e-05
Bit_1172,3.062112208132766e-05
Bit_1005,3.0513774204400426e-05
Bit_1498,3.020213957247684e-05
Bit_1723,3.017487788661767e-05
Bit_1211,3.006556298418829e-05
Bit_833,3.000674137224842e-05
Bit_1586,2.989006313067432e-05
Bit_1276,2.9844557520622443e-05
Bit_1720,2.9762852638817674e-05
Bit_172,2.9734205418239148e-05
Bit_152,2.9635632697086583e-05
Bit_309,2.9593691761485736e-05
Bit_657,2.9493455178254247e-05
Bit_1627,2.945665258416687e-05
Bit_696,2.9234298626276924e-05
Bit_422,2.9029941256592155e-05
Bit_30,2.8832215918666804e-05
Bit_4,2.8809459718911998e-05
Bit_1930,2.8630944439677402e-05
Bit_1820,2.8525418571818965e-05
Bit_215,2.844245453602199e-05
Bit_1975,2.8360195230013734e-05
Bit_1687,2.8333842758035895e-05
Bit_1899,2.8230613991474036e-05
Bit_61,2.8175718604283673e-05
Bit_576,2.8035534804930398e-05
Bit_1689,2.802819847961181e-05
Bit_1882,2.8018428580920477e-05
Bit_1109,2.790700859653352e-05
Bit_2023,2.7869693025705162e-05
Bit_128,2.762012499114491e-05
Bit_1380,2.7602773254044665e-05
Bit_1133,2.7267518273452205e-05
Bit_1302,2.7159172037936528e-05
Bit_299,2.715095333685022e-05
Bit_1341,2.708424282333282e-05
Bit_672,2.685023102898745e-05
Bit_1155,2.682570288587608e-05
Bit_749,2.6800850308578852e-05
Bit_1969,2.6570578053338734e-05
Bit_515,2.6553284588568753e-05
Bit_1062,2.6552761618364905e-05
Bit_1621,2.6186394224691953e-05
Bit_90,2.6053049389828462e-05
Bit_1540,2.6049316180783338e-05
Bit_2031,2.5937320786683667e-05
Bit_1860,2.583652939157282e-05
Bit_729,2.5533007538596427e-05
Bit_1031,2.5525147390980325e-05
Bit_844,2.5480182993605752e-05
Bit_1742,2.5350199287691594e-05
Bit_530,2.5158167384950114e-05
Bit_986,2.513610210808781e-05
Bit_1184,2.5132480448047773e-05
Bit_1728,2.5126468295520745e-05
Bit_1879,2.5119124629637578e-05
Bit_1225,2.509336213039471e-05
Bit_1873,2.5035724948173188e-05
Bit_221,2.5021025132060597e-05
Bit_1012,2.493429873610127e-05
Bit_1138,2.4923909631581174e-05
Bit_604,2.485365386506193e-05
Bit_1989,2.4745122087097557e-05
Bit_1362,2.459357563671802e-05
Bit_459,2.448252619079251e-05
Bit_1137,2.44806357916083e-05
Bit_269,2.4468458998912487e-05
Bit_379,2.4236752946450058e-05
Bit_546,2.4203542442685437e-05
Bit_1413,2.4178964132695455e-05
Bit_786,2.4115814581604625e-05
Bit_1887,2.3940600832139824e-05
Bit_505,2.3921031635677998e-05
Bit_271,2.350217027562664e-05
Bit_868,2.3165411125243613e-05
Bit_1995,2.306354755372754e-05
Bit_485,2.2792132496404695e-05
Bit_1661,2.2632407612242583e-05
Bit_386,2.2611466048646904e-05
Bit_1757,2.2422587784942812e-05
Bit_1891,2.2420905933047982e-05
Bit_398,2.2411086742544404e-05
Bit_230,2.2392933984143296e-05
Bit_182,2.2327496282858475e-05
Bit_2029,2.2229680007257687e-05
Bit_1196,2.2171694393799505e-05
Bit_276,2.211482115798094e-05
Bit_1515,2.2059764704160695e-05
Bit_1374,2.1975710301085045e-05
Bit_777,2.1945032198173395e-05
Bit_20,2.183725838197114e-05
Bit_1426,2.1662293743697803e-05
Bit_1574,2.1653032234139848e-05
Bit_214,2.1467746893797108e-05
Bit_620,2.141985057154092e-05
Bit_1055,2.1375493596410894e-05
Bit_617,2.1326732850112706e-05
Bit_1119,2.12357642066279e-05
Bit_1193,2.1224060750697857e-05
Bit_151,2.1106231982652883e-05
Bit_904,2.107383005044878e-05
Bit_701,2.1037473157969723e-05
Bit_511,2.0942985337535902e-05
Bit_494,2.093296926350163e-05
Bit_1272,2.0816335759568855e-05
Bit_260,2.0589504929723106e-05
Bit_708,2.0566958232893606e-05
Bit_1502,2.0524082866432512e-05
Bit_424,2.0519515371940885e-05
Bit_1707,2.0349964850942206e-05
Bit_1875,2.030478630587778e-05
Bit_449,2.0193486640068044e-05
Bit_421,2.0191194670276285e-05
Bit_587,2.0153441763784508e-05
Bit_1669,2.0130937332300487e-05
Bit_87,2.0123898137214157e-05
Bit_1735,2.010219149970292e-05
Bit_466,2.0013360323141725e-05
Bit_1014,1.9963573637652416e-05
Bit_307,1.983023220172314e-05
Bit_1676,1.979455793268705e-05
Bit_664,1.970433162595003e-05
Bit_822,1.9584757212893723e-05
Bit_1471,1.955934675498246e-05
Bit_917,1.9527560414053394e-05
Bit_142,1.943591095692177e-05
Bit_580,1.93859655818663e-05
Bit_922,1.9369685540797954e-05
Bit_371,1.9318545799119435e-05
Bit_368,1.9307761409506666e-05
Bit_920,1.9176920387450093e-05
Bit_254,1.912242629475511e-05
Bit_433,1.8976495035478463e-05
Bit_2005,1.8791947552362606e-05
Bit_645,1.8764477720982664e-05
Bit_420,1.857743033350623e-05
Bit_1859,1.8547150785372405e-05
Bit_1903,1.847085159571107e-05
Bit_641,1.8454972910731785e-05
Bit_154,1.8450438644532743e-05
Bit_1983,1.8415717706270004e-05
Bit_91,1.8356863196747155e-05
Bit_129,1.8350563871739674e-05
Bit_1622,1.8127999305378597e-05
Bit_1856,1.8059970984506735e-05
Bit_1828,1.7983013240776684e-05
Bit_998,1.7863088590777914e-05
Bit_1514,1.7707526307419702e-05
Bit_1898,1.769020692190055e-05
Bit_872,1.7680074618067232e-05
Bit_270,1.7665038215669034e-05
Bit_842,1.7322085814878137e-05
Bit_1372,1.7213195185758513e-05
Bit_891,1.7028763253912984e-05
Bit_673,1.7024763826042545e-05
Bit_223,1.7024138930151703e-05
Bit_332,1.6607338297476433e-05
Bit_1746,1.6602672477782777e-05
Bit_722,1.6578940217788357e-05
Bit_1174,1.6465140930750633e-05
Bit_1914,1.6372129639799914e-05
Bit_1955,1.631782697649477e-05
Bit_1743,1.629861589403245e-05
Bit_1139,1.6295347890641444e-05
Bit_275,1.6256818496554647e-05
Bit_938,1.6217821025058802e-05
Bit_1892,1.6144178849796982e-05
Bit_593,1.6131722739611673e-05
Bit_426,1.6090274367437268e-05
Bit_1399,1.6072129378921325e-05
Bit_454,1.5867634215891785e-05
Bit_2014,1.579939951441674e-05
Bit_1218,1.5735575835481353e-05
Bit_549,1.5689098161334372e-05
Bit_1416,1.560041488327647e-05
Bit_1895,1.5565673060159897e-05
Bit_1006,1.5544778681972393e-05
Bit_866,1.5448181430084374e-05
Bit_1166,1.5426528963482182e-05
Bit_1585,1.5403703179163536e-05
Bit_855,1.5336805071576445e-05
Bit_1036,1.5284169845772366e-05
Bit_234,1.5283407300340793e-05
Bit_1122,1.5249594611525568e-05
Bit_1527,1.5120759642468362e-05
Bit_601,1.5061298209551076e-05
Bit_1758,1.5024394123498166e-05
Bit_1018,1.5012855107041522e-05
Bit_2036,1.4936164752966282e-05
Bit_187,1.4884830377224741e-05
Bit_1350,1.4868472127710724e-05
Bit_1667,1.485316048402147e-05
Bit_2002,1.4609887944319e-05
Bit_1112,1.436968578010853e-05
Bit_125,1.433288641319391e-05
Bit_210,1.4288605674575168e-05
Bit_1568,1.4233615825348265e-05
Bit_1338,1.4230566883815876e-05
Bit_788,1.4207457136986449e-05
Bit_697,1.4162022875368044e-05
Bit_1885,1.4109932408892253e-05
Bit_1638,1.389942264618556e-05
Bit_1805,1.3821698349847777e-05
Bit_470,1.365615039925515e-05
Bit_1890,1.3627787553127053e-05
Bit_410,1.3591140453669471e-05
Bit_1084,1.3435509696349764e-05
Bit_1547,1.3424219428995907e-05
Bit_1437,1.3351983463691633e-05
Bit_614,1.3311243413825171e-05
Bit_1725,1.327212840613211e-05
Bit_1182,1.3247820636664258e-05
Bit_610,1.3240818513091834e-05
Bit_1886,1.307339599813041e-05
Bit_2024,1.3061763171582214e-05
Bit_315,1.2810810332784901e-05
Bit_1069,1.2762453843263647e-05
Bit_46,1.2595348904847361e-05
Bit_1565,1.2581455422948441e-05
Bit_1376,1.2546881831097533e-05
Bit_761,1.248507662327234e-05
Bit_635,1.2414608429827536e-05
Bit_400,1.2339220827196467e-05
Bit_374,1.2314241524552746e-05
Bit_1378,1.2237227726580303e-05
Bit_886,1.2134287486757103e-05
Bit_1253,1.2036277686801797e-05
Bit_1674,1.196622282522088e-05
Bit_1040,1.1883185831804348e-05
Bit_78,1.1699833397180028e-05
Bit_1424,1.1657410706663657e-05
Bit_1690,1.1601952178950588e-05
Bit_791,1.1573977866310755e-05
Bit_792,1.1504658630344156e-05
Bit_1608,1.1430393283263084e-05
Bit_1090,1.1398599470464947e-05
Bit_1981,1.1367327521762522e-05
Bit_21,1.133595977289659e-05
Bit_1065,1.1293876061820976e-05
Bit_265,1.1284791648646943e-05
Bit_12,1.1238007996198182e-05
Bit_268,1.1214666541854271e-05
Bit_1079,1.117979786133191e-05
Bit_64,1.114102935401412e-05
Bit_1610,1.1109644164074866e-05
Bit_513,1.0960590477424789e-05
Bit_1207,1.0879556681293078e-05
Bit_1141,1.0845930713249985e-05
Bit_829,1.0689410777031392e-05
Bit_639,1.0611318056113933e-05
Bit_40,1.0521284589757411e-05
Bit_999,1.040179338388791e-05
Bit_367,1.0340354281933437e-05
Bit_1626,1.011737068709491e-05
Bit_928,1.0074206646946496e-05
Bit_1082,1.0072910156487845e-05
Bit_1103,1.0006429024893494e-05
Bit_308,9.869010175780601e-06
Bit_1906,9.615902278064273e-06
Bit_923,9.58390252548356e-06
Bit_1188,9.538792720897767e-06
Bit_39,9.524620405265841e-06
Bit_1583,9.507001977660696e-06
Bit_1465,9.450329077169166e-06
Bit_1774,9.249498192457723e-06
Bit_731,9.203038442531833e-06
Bit_1403,9.189273621423585e-06
Bit_1785,9.148702576094638e-06
Bit_1330,9.120799831748478e-06
Bit_1408,9.108644582410215e-06
Bit_663,9.088626536794527e-06
Bit_1392,9.036954925371917e-06
Bit_363,8.993955952206854e-06
Bit_1050,8.96076594587023e-06
Bit_958,8.913164502705795e-06
Bit_1146,8.884067174630635e-06
Bit_123,8.791621818592305e-06
Bit_211,8.761153842878032e-06
Bit_572,8.759165319282783e-06
Bit_1967,8.721637490803755e-06
Bit_453,8.685806612160562e-06
Bit_1305,8.473492405501839e-06
Bit_716,8.4455781959598e-06
Bit_1214,8.407104750859336e-06
Bit_244,8.384340075281532e-06
Bit_1867,8.370404212293627e-06
Bit_682,8.362756710879032e-06
Bit_1678,8.177114192203926e-06
Bit_1495,8.091611927658048e-06
Bit_534,8.039097934891363e-06
Bit_290,7.898826744208471e-06
Bit_458,7.867062606098797e-06
Bit_702,7.75605738352765e-06
Bit_1772,7.67341368909211e-06
Bit_2042,7.63617111102818e-06
Bit_1779,7.589560148363355e-06
Bit_860,7.5371040274099865e-06
Bit_1580,7.5229000064482784e-06
Bit_1227,7.487569286928627e-06
Bit_1937,7.388898476507613e-06
Bit_291,7.3699452209671664e-06
Bit_358,7.331712266786203e-06
Bit_1203,7.298190336590909e-06
Bit_600,7.220511842496467e-06
Bit_1851,7.168001923765604e-06
Bit_1632,7.069006081157123e-06
Bit_134,7.066055380173847e-06
Bit_2032,7.032992807979947e-06
Bit_789,7.003345120077426e-06
Bit_1235,6.9841177170537e-06
Bit_808,6.932353907877613e-06
Bit_1581,6.893252316726585e-06
Bit_1877,6.88324552512116e-06
Bit_1252,6.833436191949089e-06
Bit_1469,6.804946181941451e-06
Bit_1192,6.7711013807587185e-06
Bit_1390,6.723220125477912e-06
Bit_1931,6.709107021178534e-06
Bit_161,6.704603524984238e-06
Bit_1029,6.578671328552598e-06
Bit_1404,6.540751365976584e-06
Bit_388,6.5183772862924425e-06
Bit_1459,6.498035410720754e-06
Bit_1698,6.486893357159831e-06
Bit_936,6.43338233626261e-06
Bit_730,6.389549192903316e-06
Bit_1219,6.326024233331588e-06
Bit_1467,6.281169820108179e-06
Bit_1123,6.266609580071852e-06
Bit_880,6.19302790868337e-06
Bit_1751,6.182253185079685e-06
Bit_1615,6.16979610335227e-06
Bit_1194,6.068231064990596e-06
Bit_732,6.045611208815825e-06
Bit_1247,5.967132497127662e-06
Bit_405,5.937018378856419e-06
Bit_1359,5.791333444330311e-06
Bit_1958,5.7415297505687146e-06
Bit_1845,5.735662664848224e-06
Bit_298,5.729256868308563e-06
Bit_413,5.629734939435373e-06
Bit_1144,5.62569595621142e-06
Bit_1682,5.6173786581872376e-06
Bit_196,5.556608535497887e-06
Bit_1429,5.531445313133605e-06
Bit_765,5.3801570076682245e-06
Bit_1794,5.349183130288328e-06
Bit_467,5.333845301823487e-06
Bit_1719,5.253822940901873e-06
Bit_1916,5.2250249567445736e-06
Bit_1601,5.219424251876834e-06
Bit_1818,5.206178069588527e-06
Bit_2039,5.111374598914381e-06
Bit_1510,5.046726662006383e-06
Bit_1355,5.029597234797096e-06
Bit_492,4.908189809318751e-06
Bit_73,4.832104508752891e-06
Bit_588,4.805257876878032e-06
Bit_1990,4.72807308163608e-06
Bit_846,4.724969889443548e-06
Bit_1545,4.631560166783645e-06
Bit_1496,4.593642583047403e-06
Bit_173,4.5710815014789055e-06
Bit_1271,4.563238858718889e-06
Bit_68,4.5480552643849986e-06
Bit_541,4.491546695957305e-06
Bit_1880,4.454180902816236e-06
Bit_957,4.319567113391003e-06
Bit_524,4.31258211015212e-06
Bit_336,4.286766008081417e-06
Bit_1519,4.266674862281893e-06
Bit_665,4.265669325361911e-06
Bit_712,4.26060377121748e-06
Bit_1183,4.259766455717759e-06
Bit_1076,4.208915659729851e-06
Bit_137,4.192110424248839e-06
Bit_501,4.188465418534317e-06
Bit_500,4.106784768118648e-06
Bit_1675,4.098653486419318e-06
Bit_1613,4.0879726982953624e-06
Bit_818,4.086961118547628e-06
Bit_1850,4.059373453058856e-06
Bit_1685,3.9873525083588136e-06
Bit_1766,3.974727915114385e-06
Bit_1893,3.974010923534664e-06
Bit_785,3.973991097395411e-06
Bit_924,3.89170528489387e-06
Bit_1979,3.8208719400814486e-06
Bit_1442,3.788841324153086e-06
Bit_349,3.772785112182836e-06
Bit_390,3.7490232514972204e-06
Bit_148,3.6155681512616903e-06
Bit_1526,3.5473630935472527e-06
Bit_1371,3.532665570904313e-06
Bit_262,3.529893222126366e-06
Bit_164,3.4998267610892984e-06
Bit_1966,3.469877186914165e-06
Bit_1407,3.4440737012096584e-06
Bit_1470,3.388970604333701e-06
Bit_1842,3.334487312961112e-06
Bit_1763,3.2927528133514055e-06
Bit_1159,3.2872073004202853e-06
Bit_1753,3.27249839581054e-06
Bit_659,3.14058017035715e-06
Bit_1787,3.1030995771229333e-06
Bit_163,3.0462376748868624e-06
Bit_1121,2.9957447379898037e-06
Bit_1612,2.9739288997472287e-06
Bit_1739,2.8898334753498507e-06
Bit_1398,2.8773950707449425e-06
Bit_1032,2.8742812267584698e-06
Bit_503,2.8659107698761742e-06
Bit_1843,2.8228897992146323e-06
Bit_499,2.7107071482673438e-06
Bit_569,2.58961552138076e-06
Bit_1342,2.576176575150133e-06
Bit_1624,2.53968583442759e-06
Bit_1490,2.502483920635663e-06
Bit_468,2.4898007893868193e-06
Bit_204,2.4763037760876176e-06
Bit_763,2.4717600533164405e-06
Bit_956,2.4625578431372973e-06
Bit_630,2.436454543810686e-06
Bit_344,2.4299182316646066e-06
Bit_69,2.3980875000614848e-06
Bit_1289,2.380123594976896e-06
Bit_10,2.3572304562410033e-06
Bit_357,2.3407191500771186e-06
Bit_1560,2.2672881478453043e-06
Bit_757,2.2292854275879816e-06
Bit_752,2.225767428443417e-06
Bit_773,2.2032081942811067e-06
Bit_17,2.1853085531285136e-06
Bit_238,2.175908769549174e-06
Bit_1370,2.1593090342338346e-06
Bit_181,2.1529262598721837e-06
Bit_320,2.1181991534543312e-06
Bit_1202,2.1091545820611167e-06
Bit_495,2.1072888877679562e-06
Bit_1571,2.0980811035317796e-06
Bit_32,2.0220257921937213e-06
Bit_158,2.009340390369134e-06
Bit_1071,1.913662790368815e-06
Bit_1402,1.8998147632039669e-06
Bit_209,1.8602589859291318e-06
Bit_814,1.8602534242970193e-06
Bit_1680,1.7977506358526208e-06
Bit_737,1.7846357578198847e-06
Bit_542,1.7835154786497875e-06
Bit_329,1.7640314920122012e-06
Bit_1332,1.7263406198329444e-06
Bit_493,1.7233733056026152e-06
Bit_1213,1.6976451997784328e-06
Bit_1578,1.6946521914104264e-06
Bit_1764,1.6895375506610736e-06
Bit_1740,1.6720049111479533e-06
Bit_1180,1.6073231320367078e-06
Bit_1857,1.6008761766055603e-06
Bit_959,1.5886715993051948e-06
Bit_1007,1.5799934849756934e-06
Bit_946,1.5387395044681148e-06
Bit_1472,1.5322963630072535e-06
Bit_171,1.5128755917529939e-06
Bit_1333,1.5105427468308297e-06
Bit_1337,1.5023558791664006e-06
Bit_1191,1.4455005040657972e-06
Bit_229,1.2942379541327162e-06
Bit_1129,1.265504785686524e-06
Bit_377,1.2590889735428779e-06
Bit_1348,1.2475190431095036e-06
Bit_156,1.2419593406288403e-06
Bit_538,1.2301476595385436e-06
Bit_741,1.225995916960633e-06
Bit_516,1.2040665540598986e-06
Bit_925,1.1712611577773913e-06
Bit_1340,1.1279927249481057e-06
Bit_376,1.1191813286380138e-06
Bit_1563,1.1046511285132236e-06
Bit_1782,1.0707593998392671e-06
Bit_1023,1.0363295557627592e-06
Bit_830,1.0151614656715511e-06
Bit_647,1.0129452437631883e-06
Bit_2003,1.0071972538182622e-06
Bit_1713,9.785565785434615e-07
Bit_263,9.400898479419813e-07
Bit_1813,9.100794953841173e-07
Bit_1021,9.089877871780834e-07
Bit_570,8.453928412568328e-07
Bit_700,8.440013816229791e-07
Bit_1927,8.42789670861509e-07
Bit_518,8.253834690731929e-07
Bit_914,7.802016430526788e-07
Bit_331,7.651880497827416e-07
Bit_498,7.405558410130364e-07
Bit_1576,7.061052115029113e-07
Bit_2030,6.857389676804955e-07
Bit_55,6.758715096631418e-07
Bit_264,6.695661141642076e-07
Bit_1788,6.414815154628029e-07
Bit_1215,6.303678999843529e-07
Bit_442,6.208974337894462e-07
Bit_1020,6.132038479065979e-07
Bit_1797,6.058326626125944e-07
Bit_48,6.029708508884873e-07
Bit_1111,5.877004178168727e-07
Bit_706,5.657342629111335e-07
Bit_1945,5.401499062298417e-07
Bit_1497,5.173410740387401e-07
Bit_707,5.161733351222945e-07
Bit_127,5.160616451245873e-07
Bit_553,4.980943245105379e-07
Bit_71,4.6946531310699723e-07
Bit_670,4.690929458174684e-07
Bit_279,4.665092413370294e-07
Bit_450,4.588827179750547e-07
Bit_150,4.471383229166996e-07
Bit_1798,4.1483974906873393e-07
Bit_1354,4.0550742493693973e-07
Bit_1796,3.963466469707605e-07
Bit_770,3.716214975186972e-07
Bit_326,3.695688423990055e-07
Bit_1266,3.638308909124213e-07
Bit_199,3.4750332201049224e-07
Bit_985,3.47060385827839e-07
Bit_1105,3.404728092029303e-07
Bit_77,3.2148357016883047e-07
Bit_1633,3.011600702187762e-07
Bit_799,2.992206915529898e-07
Bit_1319,2.9908355774477086e-07
Bit_719,2.935642556484286e-07
Bit_1418,2.850522307899918e-07
Bit_962,2.744451199930763e-07
Bit_3,2.686924222369719e-07
Bit_605,2.638691621446098e-07
Bit_212,2.530788167861871e-07
Bit_1248,2.521775901577076e-07
Bit_2010,2.497087409031281e-07
Bit_478,2.399390100686988e-07
Bit_177,2.2156877845912484e-07
Bit_404,2.1073926315068657e-07
Bit_285,1.8230172237340448e-07
Bit_1286,1.7089239509166222e-07
Bit_1095,1.6451172707339533e-07
Bit_1310,1.4635799870181906e-07
Bit_451,1.3925359078182243e-07
Bit_1901,1.3906007269273594e-07
Bit_1010,1.3652509830038515e-07
Bit_710,1.3512525393802322e-07
Bit_1889,1.2372528538385064e-07
Bit_339,1.1863531928834276e-07
Bit_397,1.0978160205965209e-07
Bit_1344,1.0795534371702749e-07
Bit_460,1.0113112632046551e-07
Bit_989,9.601796108570546e-08
Bit_23,9.575620344244583e-08
Bit_2019,8.785210572256362e-08
Bit_934,8.419999505662184e-08
Bit_178,7.705266635669889e-08
Bit_1952,6.76596855925001e-08
Bit_742,6.566825445734979e-08
Bit_179,4.878186929929653e-08
Bit_1947,4.555547889962441e-08
Bit_992,4.0163914089973475e-08
Bit_1784,3.9313665534512736e-08
Bit_840,3.403879530301942e-08
Bit_1644,3.299687395321343e-08
Bit_1677,2.7209407583193017e-08
Bit_236,2.711080740908003e-08
Bit_194,2.7058403832089694e-08
Bit_658,2.666897386469978e-08
Bit_1107,2.025272971161819e-08
Bit_311,1.9093444538753784e-08
Bit_1300,1.6382689997286062e-08
Bit_882,1.400357797551535e-08
Bit_755,4.198883298294328e-09
Bit_423,1.5441692625540918e-09
Bit_35,5.835712153658748e-10
Bit_817,3.602783238141627e-10
Bit_900,1.277161728402862e-10
Bit_98,0.0
Bit_1907,0.0
Bit_2026,0.0
Bit_1335,0.0
Bit_1902,0.0
Bit_1311,0.0
Bit_2025,0.0
Bit_1904,0.0
Bit_1217,0.0
Bit_1051,0.0
Bit_72,0.0
Bit_1220,0.0
Bit_274,0.0
Bit_113,0.0
Bit_1054,0.0
Bit_1306,0.0
Bit_6,0.0
Bit_1339,0.0
Bit_120,0.0
Bit_306,0.0
Bit_1304,0.0
Bit_1197,0.0
Bit_1303,0.0
Bit_1913,0.0
Bit_1170,0.0
Bit_1044,0.0
Bit_75,0.0
Bit_1198,0.0
Bit_1331,0.0
Bit_1177,0.0
Bit_1022,0.0
Bit_1883,0.0
Bit_101,0.0
Bit_2037,0.0
Bit_1178,0.0
Bit_1026,0.0
Bit_1030,0.0
Bit_1209,0.0
Bit_1323,0.0
Bit_111,0.0
Bit_267,0.0
Bit_287,0.0
Bit_1204,0.0
Bit_1321,0.0
Bit_82,0.0
Bit_1320,0.0
Bit_1878,0.0
Bit_1216,0.0
Bit_1037,0.0
Bit_1894,0.0
Bit_1315,0.0
Bit_112,0.0
Bit_1189,0.0
Bit_1896,0.0
Bit_1974,0.0
Bit_2013,0.0
Bit_1067,0.0
Bit_1102,0.0
Bit_225,0.0
Bit_224,0.0
Bit_1994,0.0
Bit_1091,0.0
Bit_1098,0.0
Bit_1132,0.0
Bit_1278,0.0
Bit_1277,0.0
Bit_1250,0.0
Bit_1251,0.0
Bit_1100,0.0
Bit_1987,0.0
Bit_1127,0.0
Bit_200,0.0
Bit_169,0.0
Bit_1940,0.0
Bit_1125,0.0
Bit_195,0.0
Bit_189,0.0
Bit_1124,0.0
Bit_1965,0.0
Bit_1869,0.0
Bit_1268,0.0
Bit_1259,0.0
Bit_1968,0.0
Bit_1117,0.0
Bit_175,0.0
Bit_185,0.0
Bit_183,0.0
Bit_1115,0.0
Bit_228,0.0
Bit_1080,0.0
Bit_1068,0.0
Bit_2008,0.0
Bit_124,0.0
Bit_1223,0.0
Bit_126,0.0
Bit_2015,0.0
Bit_1161,0.0
Bit_33,0.0
Bit_1226,0.0
Bit_261,0.0
Bit_1293,0.0
Bit_258,0.0
Bit_1228,0.0
Bit_132,0.0
Bit_256,0.0
Bit_1075,0.0
Bit_1078,0.0
Bit_1938,0.0
Bit_240,0.0
Bit_2006,0.0
Bit_1229,0.0
Bit_1230,0.0
Bit_1234,0.0
Bit_136,0.0
Bit_1933,0.0
Bit_1288,0.0
Bit_232,0.0
Bit_1242,0.0
Bit_1936,0.0
Bit_1135,0.0
Bit_1134,0.0
Bit_1246,0.0
Bit_1870,0.0
Bit_1584,0.0
Bit_1868,0.0
Bit_746,0.0
Bit_782,0.0
Bit_776,0.0
Bit_506,0.0
Bit_512,0.0
Bit_768,0.0
Bit_764,0.0
Bit_756,0.0
Bit_517,0.0
Bit_1672,0.0
Bit_49,0.0
Bit_550,0.0
Bit_1664,0.0
Bit_1662,0.0
Bit_1523,0.0
Bit_22,0.0
Bit_539,0.0
Bit_540,0.0
Bit_727,0.0
Bit_1656,0.0
Bit_544,0.0
Bit_1488,0.0
Bit_44,0.0
Bit_1485,0.0
Bit_1483,0.0
Bit_1727,0.0
Bit_1450,0.0
Bit_857,0.0
Bit_856,0.0
Bit_851,0.0
Bit_462,0.0
Bit_1462,0.0
Bit_1716,0.0
Bit_1711,0.0
Bit_1710,0.0
Bit_1473,0.0
Bit_476,0.0
Bit_1474,0.0
Bit_483,0.0
Bit_1703,0.0
Bit_805,0.0
Bit_1478,0.0
Bit_1699,0.0
Bit_24,0.0
Bit_1525,0.0
Bit_1650,0.0
Bit_1343,0.0
Bit_633,0.0
Bit_668,0.0
Bit_1562,0.0
Bit_1611,0.0
Bit_1566,0.0
Bit_662,0.0
Bit_1606,0.0
Bit_626,0.0
Bit_631,0.0
Bit_660,0.0
Bit_634,0.0
Bit_560,0.0
Bit_1598,0.0
Bit_1596,0.0
Bit_1577,0.0
Bit_1593,0.0
Bit_1591,0.0
Bit_1590,0.0
Bit_47,0.0
Bit_1587,0.0
Bit_1579,0.0
Bit_616,0.0
Bit_1559,0.0
Bit_612,0.0
Bit_1558,0.0
Bit_565,0.0
Bit_566,0.0
Bit_568,0.0
Bit_1643,0.0
Bit_1533,0.0
Bit_578,0.0
Bit_705,0.0
Bit_1635,0.0
Bit_1541,0.0
Bit_698,0.0
Bit_685,0.0
Bit_683,0.0
Bit_1549,0.0
Bit_1550,0.0
Bit_1625,0.0
Bit_681,0.0
Bit_1556,0.0
Bit_669,0.0
Bit_607,0.0
Bit_871,0.0
Bit_873,0.0
Bit_447,0.0
Bit_15,0.0
Bit_990,0.0
Bit_1826,0.0
Bit_359,0.0
Bit_1369,0.0
Bit_1822,0.0
Bit_1821,0.0
Bit_655,0.0
Bit_1819,0.0
Bit_1375,0.0
Bit_369,0.0
Bit_1732,0.0
Bit_370,0.0
Bit_971,0.0
Bit_372,0.0
Bit_1381,0.0
Bit_375,0.0
Bit_1807,0.0
Bit_1806,0.0
Bit_969,0.0
Bit_1383,0.0
Bit_1829,0.0
Bit_1830,0.0
Bit_356,0.0
Bit_353,0.0
Bit_1865,0.0
Bit_1346,0.0
Bit_316,0.0
Bit_1861,0.0
Bit_1016,0.0
Bit_1015,0.0
Bit_321,0.0
Bit_324,0.0
Bit_1848,0.0
Bit_1002,0.0
Bit_1361,0.0
Bit_1363,0.0
Bit_995,0.0
Bit_1841,0.0
Bit_337,0.0
Bit_342,0.0
Bit_1836,0.0
Bit_347,0.0
Bit_1834,0.0
Bit_1802,0.0
Bit_53,0.0
Bit_964,0.0
Bit_1428,0.0
Bit_429,0.0
Bit_430,0.0
Bit_902,0.0
Bit_432,0.0
Bit_897,0.0
Bit_434,0.0
Bit_1748,0.0
Bit_436,0.0
Bit_889,0.0
Bit_19,0.0
Bit_1744,0.0
Bit_1439,0.0
Bit_1741,0.0
Bit_877,0.0
Bit_439,0.0
Bit_443,0.0
Bit_874,0.0
Bit_444,0.0
Bit_445,0.0
Bit_1431,0.0
Bit_907,0.0
Bit_393,0.0
Bit_1425,0.0
Bit_1792,0.0
Bit_954,0.0
Bit_1789,0.0
Bit_951,0.0
Bit_1786,0.0
Bit_1395,0.0
Bit_399,0.0
Bit_1780,0.0
Bit_1396,0.0
Bit_18,0.0
Bit_948,0.0
Bit_1776,0.0
Bit_939,0.0
Bit_1406,0.0
Bit_411,0.0
Bit_417,0.0
Bit_1767,0.0
Bit_418,0.0
Bit_1423,0.0
Bit_0,0.0
